"Severity","Freq","Map_ID"
"0",310,10001824
"1",2754,10001824
"2",42453,10001824
"5",105,10001824
"0",141,10081
"1",538,10081
"2",3936,10081
"3",2879,10081
"0",161,10082
"1",773,10082
"2",5146,10082
"3",2352,10082
"0",211,10088
"1",1031,10088
"2",10263,10088
"3",11414,10088
"4",128,10088
"0",212,9995
"1",2267,9995
"2",5702,9995
"3",5380,9995
"4",266,9995
"5",59,9995
"0",166,10104
"1",5629,10104
"2",7090,10104
"5",391,10104
"0",235,10084
"1",26093,10084
"2",11314,10084
"3",728,10084
"5",2487,10084
"0",295,10103
"1",10636,10103
"2",12725,10103
"3",1013,10103
"0",99,10098
"1",755,10098
"2",5438,10098
"3",61,10098
"5",62,10098
"0",118,10095
"1",385,10095
"2",2189,10095
"3",4130,10095
"5",99,10095
"6",1,10095
"0",95,10096
"1",509,10096
"2",2138,10096
"3",2484,10096
"5",15,10096
"0",185,10176
"1",1424,10176
"2",7181,10176
"3",6325,10176
"4",462,10176
"5",30,10176
"0",242,10266
"1",9218,10266
"2",3919,10266
"3",562,10266
"4",23,10266
"5",105,10266
"0",191,10178
"1",4199,10178
"2",5100,10178
"3",2465,10178
"4",220,10178
"0",211,10000
"1",10440,10000
"2",5851,10000
"3",8541,10000
"4",2905,10000
"5",1341,10000
"6",1,10000
"0",156,10263
"1",6356,10263
"2",982,10263
"3",133,10263
"5",945,10263
"0",91,10090
"1",998,10090
"2",5007,10090
"0",144,10264
"1",4443,10264
"2",3191,10264
"3",711,10264
"4",82,10264
"5",80,10264
"0",152,9996
"1",3753,9996
"2",3490,9996
"3",821,9996
"4",103,9996
"5",82,9996
"0",223,10001
"1",3571,10001
"2",8606,10001
"3",2690,10001
"4",225,10001
"5",9,10001
"0",130,10265
"1",2019,10265
"2",1841,10265
"3",595,10265
"4",75,10265
"5",365,10265
"0",298,10328
"1",10060,10328
"2",18473,10328
"3",3812,10328
"5",63,10328
"0",79,10083
"1",981,10083
"2",1698,10083
"3",2122,10083
"0",735,9999
"1",12778,9999
"2",96170,9999
"3",16243,9999
"5",6,9999
"0",125,10094
"1",748,10094
"2",8145,10094
"3",535,10094
"0",123,10093
"1",1188,10093
"2",2352,10093
"3",6474,10093
"4",1408,10093
"5",5,10093
"0",118,9997
"1",645,9997
"2",6468,9997
"3",2,9997
"0",435,10085
"1",604,10085
"2",15008,10085
"0",104,10005614
"1",393,10005614
"2",4538,10005614
"3",1366,10005614
"4",76,10005614
"0",91,10086
"1",307,10086
"2",3667,10086
"3",5431,10086
"4",10,10086
"5",5,10086
"0",64,10080
"1",269,10080
"2",1493,10080
"3",6200,10080
"4",2,10080
"6",62,10080
"0",91,10091
"1",939,10091
"2",2025,10091
"3",3004,10091
"4",256,10091
"5",5,10091
"0",154,9977
"1",1207,9977
"2",11005,9977
"3",3862,9977
"4",453,9977
"5",45,9977
"0",73,10089
"1",2447,10089
"2",1602,10089
"3",687,10089
"4",74,10089
"5",14,10089
"0",215,10092
"1",7605,10092
"2",18644,10092
"3",2931,10092
"5",127,10092
"0",118,10101
"1",750,10101
"2",6795,10101
"3",273,10101
"5",10,10101
"0",173,10102
"1",5155,10102
"2",2079,10102
"3",942,10102
"4",92,10102
"5",602,10102
"0",304,10099
"1",10750,10099
"2",21754,10099
"3",11419,10099
"4",1704,10099
"5",1719,10099
"0",138,10189
"1",5104,10189
"2",1851,10189
"3",1586,10189
"4",344,10189
"5",28,10189
"0",341,10079
"1",1075,10079
"2",3548,10079
"3",4561,10079
"4",467,10079
"0",201,10078
"1",9610,10078
"2",4463,10078
"3",1531,10078
"4",162,10078
"5",525,10078
"0",85,10965
"1",502,10965
"2",4401,10965
"3",62,10965
"0",111,10625
"1",369,10625
"2",2602,10625
"3",2964,10625
"4",13,10625
"5",1,10625
"0",230,10692
"1",5207,10692
"2",9665,10692
"3",367,10692
"4",3,10692
"5",11,10692
"0",108,10629
"1",458,10629
"2",3624,10629
"3",4467,10629
"4",13,10629
"0",551,10694
"1",9762,10694
"2",58897,10694
"3",8570,10694
"4",860,10694
"5",98,10694
"0",925,10695
"1",60145,10695
"2",113807,10695
"3",57397,10695
"4",28742,10695
"5",16313,10695
"0",218,10020055
"1",1868,10020055
"2",26367,10020055
"5",2,10020055
"0",706,10437
"1",2768,10437
"2",26857,10437
"5",23,10437
"0",90,10621
"1",1163,10621
"2",4474,10621
"3",33,10621
"5",13,10621
"0",145,10633
"1",1907,10633
"2",3217,10633
"3",2346,10633
"4",10,10633
"5",67,10633
"0",95,10635
"1",658,10635
"2",3889,10635
"3",82,10635
"5",14,10635
"6",32,10635
"0",225,10516
"1",2892,10516
"2",11395,10516
"3",2877,10516
"4",73,10516
"5",19,10516
"0",231,10722
"1",1812,10722
"2",3405,10722
"3",6522,10722
"4",5823,10722
"5",7,10722
"0",78,10020371
"1",1537,10020371
"2",1968,10020371
"3",984,10020371
"4",217,10020371
"5",4,10020371
"0",156,10721
"1",4484,10721
"2",5655,10721
"3",2018,10721
"4",669,10721
"5",106,10721
"6",1,10721
"0",1337,10697
"1",35810,10697
"2",67707,10697
"3",71665,10697
"4",20507,10697
"5",95,10697
"0",862,10698
"1",26645,10698
"2",49258,10698
"3",57888,10698
"4",30106,10698
"5",107,10698
"0",217,10700
"1",9655,10700
"2",7682,10700
"3",167,10700
"5",1,10700
"0",559,10430
"1",33920,10430
"2",15192,10430
"3",3634,10430
"4",13,10430
"5",72,10430
"0",129,10431
"1",1815,10431
"2",6022,10431
"3",4468,10431
"4",557,10431
"5",16,10431
"0",699,10436
"1",8721,10436
"2",18558,10436
"3",4366,10436
"4",232,10436
"5",230,10436
"0",445,10622
"1",41288,10622
"2",27375,10622
"3",7348,10622
"4",267,10622
"5",140,10622
"0",75,10623
"1",1205,10623
"2",2411,10623
"3",1098,10623
"4",42,10623
"5",1,10623
"0",684,10702
"1",36449,10702
"2",69955,10702
"3",38454,10702
"4",10910,10702
"5",276,10702
"6",3,10702
"0",165,10703
"1",6771,10703
"2",9908,10703
"3",3632,10703
"4",1556,10703
"5",51,10703
"0",137,10704
"1",3904,10704
"2",5076,10704
"3",2201,10704
"4",926,10704
"5",6,10704
"0",134,10705
"1",2013,10705
"2",2377,10705
"3",1352,10705
"4",1410,10705
"5",17,10705
"0",132,10706
"1",1552,10706
"2",4323,10706
"3",2355,10706
"4",515,10706
"5",45,10706
"6",1,10706
"0",135,10433
"1",1744,10433
"2",1715,10433
"3",3184,10433
"4",1821,10433
"5",69,10433
"0",71,10634
"1",2851,10634
"2",1949,10634
"3",545,10634
"4",4,10634
"5",32,10634
"0",539,10712
"1",4103,10712
"2",13758,10712
"3",4659,10712
"4",354,10712
"5",6,10712
"0",186,10713
"1",4221,10713
"2",5365,10713
"3",3948,10713
"4",1452,10713
"5",44,10713
"0",369,10714
"1",10213,10714
"2",12109,10714
"3",2281,10714
"4",46,10714
"5",23,10714
"6",100,10714
"0",413,10715
"1",30843,10715
"2",34677,10715
"3",7724,10715
"4",2705,10715
"5",81,10715
"0",102,10716
"1",5431,10716
"2",3935,10716
"3",2191,10716
"4",484,10716
"5",23,10716
"0",98,10717
"1",1884,10717
"2",2759,10717
"3",2586,10717
"4",996,10717
"5",115,10717
"0",102,10718
"1",4131,10718
"2",3723,10718
"3",1185,10718
"4",266,10718
"5",30,10718
"0",537,10719
"1",5508,10719
"2",14247,10719
"3",5378,10719
"4",413,10719
"5",15,10719
"6",121,10719
"0",298,10755
"1",21174,10755
"2",21972,10755
"3",9320,10755
"4",3602,10755
"5",258,10755
"0",168,10879
"1",8099,10879
"2",2830,10879
"3",733,10879
"4",6,10879
"5",201,10879
"0",877,10720
"1",55083,10720
"2",33769,10720
"3",15310,10720
"4",8133,10720
"5",9616,10720
"0",70,10693
"1",1117,10693
"2",1913,10693
"3",1788,10693
"4",1114,10693
"5",5,10693
"0",229,10707
"1",4254,10707
"2",6239,10707
"3",4823,10707
"4",3159,10707
"5",13,10707
"0",151,10640
"1",4952,10640
"2",4914,10640
"3",1404,10640
"4",164,10640
"5",13,10640
"0",146,10432
"1",2623,10432
"2",3972,10432
"3",2532,10432
"4",720,10432
"5",46,10432
"0",1143,10439
"1",61338,10439
"2",60976,10439
"3",39600,10439
"4",4910,10439
"5",2102,10439
"0",153,10627
"1",3362,10627
"2",6367,10627
"3",4019,10627
"4",288,10627
"5",71,10627
"0",262,10723
"1",1800,10723
"2",5776,10723
"3",6159,10723
"4",4738,10723
"5",111,10723
"0",343,10008028
"1",11033,10008028
"2",5777,10008028
"3",7406,10008028
"4",10957,10008028
"5",53,10008028
"6",146,10008028
"0",1659,10016158
"1",73771,10016158
"2",324248,10016158
"3",109597,10016158
"4",57452,10016158
"5",1125,10016158
"6",1,10016158
"0",181,10618
"1",2654,10618
"2",813,10618
"3",1774,10618
"4",3751,10618
"5",3,10618
"0",235,10617
"1",4409,10617
"2",37416,10617
"0",177,10878
"1",9722,10878
"2",6087,10878
"3",2984,10878
"4",228,10878
"5",1074,10878
"0",349,10887
"1",11673,10887
"2",14517,10887
"3",9918,10887
"4",3967,10887
"5",46,10887
"0",161,10426
"1",1404,10426
"2",5222,10426
"3",3854,10426
"4",127,10426
"5",7,10426
"0",234,10708
"1",2606,10708
"2",5004,10708
"3",8527,10708
"4",1286,10708
"5",3,10708
"0",143,10626
"1",435,10626
"2",2217,10626
"3",10549,10626
"4",3152,10626
"0",24,10429
"1",296,10429
"2",290,10429
"3",1048,10429
"4",875,10429
"0",1371,10709
"1",51074,10709
"2",108947,10709
"3",80699,10709
"4",46800,10709
"5",38,10709
"0",104,10853
"1",685,10853
"2",1596,10853
"3",5328,10853
"4",806,10853
"0",328,10881
"1",22986,10881
"2",12746,10881
"3",24073,10881
"4",2936,10881
"5",3,10881
"0",122,10428
"1",2471,10428
"2",6531,10428
"3",6851,10428
"4",163,10428
"5",36,10428
"0",100,10630
"1",1163,10630
"2",4309,10630
"3",1528,10630
"4",97,10630
"0",454,10690
"1",1954,10690
"2",9305,10690
"3",4984,10690
"4",4357,10690
"6",16,10690
"0",747,10691
"1",3359,10691
"2",7171,10691
"3",16538,10691
"4",5218,10691
"5",119,10691
"6",112,10691
"0",217,10710
"1",2445,10710
"2",1987,10710
"3",3890,10710
"4",7807,10710
"5",220,10710
"0",149,10711
"1",1048,10711
"2",689,10711
"3",1514,10711
"4",5441,10711
"5",42,10711
"0",151,10425
"1",1473,10425
"2",1008,10425
"3",4047,10425
"4",3605,10425
"5",6,10425
"0",167,10619
"1",2484,10619
"2",1047,10619
"3",51,10619
"4",1,10619
"5",1413,10619
"0",354,10639
"1",3839,10639
"2",1807,10639
"3",317,10639
"4",29,10639
"5",8644,10639
"0",804,10689
"1",2469,10689
"2",8933,10689
"3",13573,10689
"4",5701,10689
"5",83,10689
"0",249,10699
"1",3302,10699
"2",3227,10699
"3",5285,10699
"4",6374,10699
"5",210,10699
"0",377,10696
"1",19172,10696
"2",16842,10696
"3",17669,10696
"4",8734,10696
"5",233,10696
"6",3233,10696
"0",70,10884
"1",2715,10884
"2",1392,10884
"3",716,10884
"4",239,10884
"5",285,10884
"0",220,10885
"1",3920,10885
"2",2477,10885
"3",404,10885
"5",44,10885
"0",133,11754
"1",16,11754
"2",4439,11754
"3",3990,11754
"0",74,11788
"1",373,11788
"2",4760,11788
"0",157,10001976
"1",2061,10001976
"2",7465,10001976
"6",203,10001976
"0",121,10001977
"1",1368,10001977
"2",3483,10001977
"0",94,11091
"1",623,11091
"2",1558,11091
"3",3048,11091
"4",543,11091
"0",309,11470
"1",5817,11470
"2",3047,11470
"3",6201,11470
"4",11500,11470
"5",95,11470
"0",91,23196
"1",1532,23196
"2",2566,23196
"3",2365,23196
"4",2271,23196
"5",8,23196
"0",134,11085
"1",1254,11085
"2",2426,11085
"3",3376,11085
"4",927,11085
"0",106,11293
"1",1725,11293
"2",1158,11293
"3",2018,11293
"4",3935,11293
"0",413,10007993
"1",4744,10007993
"2",8697,10007993
"3",11415,10007993
"4",10355,10007993
"5",43,10007993
"0",367,11299
"1",7731,11299
"2",615,11299
"3",48,11299
"5",12854,11299
"0",89,11290
"1",402,11290
"2",699,11290
"3",3711,11290
"4",822,11290
"0",189,11089
"1",1881,11089
"2",2492,11089
"3",2377,11089
"4",1384,11089
"5",11,11089
"0",1099,11474
"1",49534,11474
"2",77468,11474
"3",50362,11474
"4",46971,11474
"5",187,11474
"0",117,11294
"1",362,11294
"2",3901,11294
"3",3030,11294
"5",7,11294
"0",256,11291
"1",5566,11291
"2",9458,11291
"3",6490,11291
"4",429,11291
"5",112,11291
"0",125,11469
"1",905,11469
"2",3064,11469
"3",3679,11469
"4",1089,11469
"0",351,11090
"1",7607,11090
"2",15344,11090
"3",11639,11090
"4",1713,11090
"5",34,11090
"0",97,11473
"1",973,11473
"2",1461,11473
"3",1323,11473
"4",1027,11473
"0",204,11088
"1",5653,11088
"2",4031,11088
"3",4202,11088
"4",1340,11088
"5",22,11088
"0",137,11472
"1",1301,11472
"2",2607,11472
"3",2735,11472
"4",341,11472
"0",71,11281
"1",628,11281
"2",7705,11281
"3",12,11281
"0",108,11287
"1",4,11287
"2",3466,11287
"3",3939,11287
"0",225,11292
"1",2590,11292
"2",11109,11292
"3",197,11292
"0",108,10005757
"1",1009,10005757
"2",5502,10005757
"3",1093,10005757
"4",60,10005757
"0",121,11282
"1",3700,11282
"2",2661,11282
"3",790,11282
"4",74,11282
"5",410,11282
"0",84,11084
"1",1462,11084
"2",1198,11084
"3",1497,11084
"4",1214,11084
"5",13,11084
"0",250,10019486
"1",2502,10019486
"2",14979,10019486
"3",8343,10019486
"4",281,10019486
"0",94,11087
"1",985,11087
"2",3315,11087
"3",2237,11087
"4",195,11087
"5",328,11087
"0",338,11468
"1",4386,11468
"2",13027,11468
"3",17877,11468
"4",18460,11468
"5",213,11468
"0",1240,11082
"1",72095,11082
"2",88562,11082
"3",107383,11082
"4",76281,11082
"5",73,11082
"0",229,11475
"1",2786,11475
"2",2920,11475
"3",3835,11475
"4",4873,11475
"5",1,11475
"0",241,11647
"1",3943,11647
"2",7169,11647
"3",9731,11647
"4",6518,11647
"0",86,11288
"1",2139,11288
"2",535,11288
"3",157,11288
"4",40,11288
"5",3212,11288
"0",213,11289
"1",2671,11289
"2",1962,11289
"3",63,11289
"5",112,11289
"0",973,11284
"1",14155,11284
"2",15426,11284
"3",8519,11284
"4",2555,11284
"5",267,11284
"0",186,10006194
"1",8670,10006194
"2",11588,10006194
"3",3176,10006194
"5",540,10006194
"0",113,11086
"1",2887,11086
"2",3828,11086
"3",2621,11086
"4",90,11086
"5",184,11086
"0",164,12053
"1",550,12053
"2",2513,12053
"3",7447,12053
"4",1345,12053
"0",107,11857
"1",1851,11857
"2",3520,11857
"3",285,11857
"0",1635,11858
"1",45850,11858
"2",122371,11858
"3",111807,11858
"4",25470,11858
"5",33,11858
"0",126,11995
"1",547,11995
"2",4117,11995
"3",2879,11995
"5",9,11995
"0",249,11996
"1",332,11996
"2",1300,11996
"3",1551,11996
"4",1603,11996
"5",51,11996
"6",1,11996
"0",169,12103
"1",1560,12103
"2",6738,12103
"5",44,12103
"0",215,12057
"1",5866,12057
"2",16314,12057
"3",48,12057
"5",5,12057
"0",166,12058
"1",2985,12058
"2",4799,12058
"3",225,12058
"4",34,12058
"0",337,11854
"1",2233,11854
"2",21733,11854
"3",1270,11854
"4",47,11854
"5",115,11854
"0",210,11997
"1",1143,11997
"2",1353,11997
"3",3934,11997
"4",4193,11997
"5",27,11997
"0",189,12066
"1",5051,12066
"2",4978,12066
"3",5685,12066
"4",3206,12066
"5",11,12066
"0",195,12063
"1",5683,12063
"2",5065,12063
"3",5163,12063
"4",2938,12063
"5",114,12063
"0",138,12060
"1",6120,12060
"2",6014,12060
"3",2208,12060
"4",38,12060
"5",16,12060
"0",542,12059
"1",48206,12059
"2",48044,12059
"3",30278,12059
"4",11193,12059
"5",832,12059
"6",858,12059
"0",114,11855
"1",693,11855
"2",4116,11855
"3",278,11855
"0",230,11856
"1",4085,11856
"2",8665,11856
"3",6705,11856
"4",1648,11856
"5",1,11856
"0",339,11998
"1",4428,11998
"2",10048,11998
"3",11422,11998
"4",12564,11998
"5",46,11998
"0",100,11999
"1",678,11999
"2",2044,11999
"3",2632,11999
"4",2251,11999
"5",8,11999
"0",91,12054
"1",973,12054
"2",3352,12054
"3",1326,12054
"4",121,12054
"5",16,12054
"0",449,12056
"1",23364,12056
"2",35924,12056
"3",32255,12056
"4",22584,12056
"5",321,12056
"0",236,12055
"1",14284,12055
"2",15141,12055
"3",6717,12055
"4",3413,12055
"5",7,12055
"0",186,11852
"1",2183,11852
"2",3877,11852
"3",4354,11852
"4",3620,11852
"5",8,11852
"0",251,11853
"1",2583,11853
"2",6376,11853
"3",10076,11853
"4",4949,11853
"5",8,11853
"0",157,12046
"1",2292,12046
"2",5156,12046
"3",10120,12046
"4",7787,12046
"5",12,12046
"0",547,12052
"1",11795,12052
"2",17619,12052
"3",17283,12052
"4",29754,12052
"5",24,12052
"0",131,12069
"1",1096,12069
"2",1539,12069
"3",2609,12069
"4",5695,12069
"5",11,12069
"0",455,12067
"1",6853,12067
"2",12323,12067
"3",16080,12067
"4",9492,12067
"5",13,12067
"0",430,12068
"1",13178,12068
"2",21794,12068
"3",18350,12068
"4",13512,12068
"5",11,12068
"0",114,12064
"1",1075,12064
"2",1926,12064
"3",2543,12064
"4",2525,12064
"5",2,12064
"0",89,12065
"1",670,12065
"2",2347,12065
"3",1188,12065
"4",1262,12065
"5",3,12065
"0",83,10005758
"1",2019,10005758
"2",3362,10005758
"3",415,10005758
"4",116,10005758
"5",25,10005758
"0",112,11994
"1",2176,11994
"2",2144,11994
"3",1436,11994
"4",387,11994
"5",6,11994
"0",160,12194
"1",5297,12194
"2",1708,12194
"3",1084,12194
"4",567,12194
"5",134,12194
"0",307,12195
"1",25373,12195
"2",8673,12195
"3",4344,12195
"4",3216,12195
"5",88,12195
"0",95,12000
"1",950,12000
"2",6693,12000
"3",653,12000
"4",5,12000
"0",99,12001
"1",109,12001
"2",1096,12001
"3",4275,12001
"4",1466,12001
"5",2,12001
"0",153,12002
"1",87,12002
"2",477,12002
"3",4164,12002
"4",3829,12002
"5",1,12002
"0",225,12104
"1",9414,12104
"2",4013,12104
"3",2942,12104
"4",512,12104
"5",75,12104
"0",456,12105
"1",15174,12105
"2",24365,12105
"3",9737,12105
"4",620,12105
"5",111,12105
"0",77,10002132
"1",1045,10002132
"2",4562,10002132
"0",84,10002133
"1",604,10002133
"2",6072,10002133
"0",146,12634
"1",740,12634
"2",1544,12634
"3",6767,12634
"4",2739,12634
"5",10,12634
"6",142,12634
"0",129,12411
"1",1280,12411
"2",4514,12411
"3",2255,12411
"4",2,12411
"0",322,12452
"1",3686,12452
"2",14471,12452
"3",5455,12452
"4",247,12452
"0",791,12450
"1",4383,12450
"2",21115,12450
"3",14518,12450
"5",20,12450
"0",108,12537
"1",1513,12537
"2",1380,12537
"3",1447,12537
"4",1379,12537
"5",49,12537
"0",116,12546
"1",1348,12546
"2",2623,12546
"3",3181,12546
"4",1424,12546
"5",5,12546
"0",213,12566
"1",4068,12566
"2",2082,12566
"3",4560,12566
"4",4971,12566
"5",26,12566
"0",707,12635
"1",2277,12635
"2",18125,12635
"3",8563,12635
"4",1111,12635
"5",21,12635
"0",159,12785
"1",3571,12785
"2",11079,12785
"3",804,12785
"4",208,12785
"0",137,12633
"1",4844,12633
"2",2500,12633
"3",803,12633
"4",274,12633
"5",81,12633
"0",167,12638
"1",1005,12638
"2",3202,12638
"3",2128,12638
"4",1935,12638
"5",47,12638
"0",151,12545
"1",5094,12545
"2",1637,12545
"3",162,12545
"4",8,12545
"5",136,12545
"0",283,12553
"1",2220,12553
"2",4318,12553
"3",5233,12553
"4",2633,12553
"5",45,12553
"0",141,12643
"1",5172,12643
"2",5055,12643
"3",3039,12643
"4",741,12643
"5",200,12643
"0",112,12547
"1",1619,12547
"2",2004,12547
"3",1152,12547
"4",208,12547
"5",14,12547
"0",116,12636
"1",1636,12636
"2",1780,12636
"3",1650,12636
"4",1707,12636
"5",40,12636
"0",153,12637
"1",3530,12637
"2",4678,12637
"3",3403,12637
"4",2426,12637
"5",87,12637
"0",405,12658
"1",9683,12658
"2",26395,12658
"3",72169,12658
"4",25800,12658
"5",61,12658
"0",2265,10021825
"1",22911,10021825
"2",31107,10021825
"3",36531,10021825
"4",15557,10021825
"5",50,10021825
"0",127,12541
"1",1528,12541
"2",8465,12541
"0",99,10005759
"1",818,10005759
"2",6965,10005759
"3",530,10005759
"5",3,10005759
"0",94,12783
"1",3799,12783
"2",989,12783
"3",284,12783
"4",87,12783
"5",37,12783
"0",112,12535
"1",1756,12535
"2",1770,12535
"3",670,12535
"4",168,12535
"5",322,12535
"0",133,12782
"1",1417,12782
"2",1222,12782
"3",1355,12782
"4",840,12782
"5",28,12782
"0",88,12544
"1",685,12544
"2",3956,12544
"3",974,12544
"4",5,12544
"5",1,12544
"0",105,12628
"1",695,12628
"2",4984,12628
"3",1134,12628
"4",166,12628
"0",224,12626
"1",934,12626
"2",14654,12626
"3",5216,12626
"4",434,12626
"0",621,12627
"1",1800,12627
"2",60968,12627
"3",21626,12627
"4",2264,12627
"5",2,12627
"0",272,12539
"1",842,12539
"2",13113,12539
"3",8591,12539
"4",867,12539
"0",101,12556
"1",441,12556
"2",1940,12556
"3",3085,12556
"4",1,12556
"0",175,12555
"1",2085,12555
"2",5209,12555
"3",2637,12555
"4",22,12555
"5",114,12555
"0",314,10007971
"1",1326,10007971
"2",18537,10007971
"3",14959,10007971
"4",824,10007971
"5",1,10007971
"6",20,10007971
"0",118,12449
"1",657,12449
"2",719,12449
"3",1499,12449
"4",3531,12449
"0",109,12536
"1",2396,12536
"2",1890,12536
"3",305,12536
"4",2,12536
"5",64,12536
"0",78,12542
"1",309,12542
"2",401,12542
"3",1546,12542
"4",3575,12542
"5",59,12542
"0",1682,12549
"1",93407,12549
"2",72322,12549
"3",67363,12549
"4",55248,12549
"5",8349,12549
"0",115,12550
"1",2511,12550
"2",2634,12550
"3",605,12550
"4",71,12550
"5",102,12550
"0",128,12551
"1",3315,12551
"2",2975,12551
"3",2152,12551
"4",810,12551
"5",83,12551
"0",241,10019577
"1",6772,10019577
"2",15154,10019577
"3",3298,10019577
"4",277,10019577
"5",94,10019577
"6",95,10019577
"0",249,12448
"1",9142,12448
"2",6702,12448
"3",112,12448
"5",158,12448
"0",2419,12642
"1",105628,12642
"2",203754,12642
"3",182967,12642
"4",169276,12642
"5",1486,12642
"0",554,12639
"1",11863,12639
"2",16494,12639
"3",36489,12639
"4",30821,12639
"5",201,12639
"0",259,12675
"1",7347,12675
"2",2270,12675
"3",1501,12675
"4",178,12675
"5",76,12675
"0",183,12540
"1",2509,12540
"2",6502,12540
"3",2830,12540
"4",183,12540
"0",311,12640
"1",7300,12640
"2",16999,12640
"3",7288,12640
"4",1430,12640
"5",28,12640
"0",228,12641
"1",6181,12641
"2",16271,12641
"3",7544,12641
"4",339,12641
"5",12,12641
"6",11,12641
"0",663,12630
"1",40945,12630
"2",38765,12630
"3",47396,12630
"4",27250,12630
"5",15471,12630
"0",1277,12629
"1",8339,12629
"2",55333,12629
"3",21842,12629
"4",6852,12629
"5",180,12629
"0",117,10006543
"1",1491,10006543
"2",4533,10006543
"3",561,10006543
"5",6,10006543
"0",162,12552
"1",5418,12552
"2",1854,12552
"3",689,12552
"4",62,12552
"5",36,12552
"0",245,13316
"1",727,13316
"2",6758,13316
"0",59,13317
"1",90,13317
"2",5479,13317
"6",4,13317
"0",152,13318
"1",1962,13318
"2",8374,13318
"6",35,13318
"0",260,10005806
"1",839,10005806
"2",4033,10005806
"3",187,10005806
"5",2,10005806
"0",277,10008005
"1",1547,10008005
"2",30620,10008005
"3",2956,10008005
"0",139,12963
"1",807,12963
"2",4700,12963
"3",2357,12963
"4",2,12963
"5",6,12963
"0",90,12964
"1",358,12964
"2",1977,12964
"3",2768,12964
"5",1,12964
"0",117,12899
"1",1306,12899
"2",4065,12899
"3",1185,12899
"4",25,12899
"5",14,12899
"0",290,12962
"1",9941,12962
"2",36134,12962
"3",481,12962
"5",1,12962
"0",105,12896
"1",783,12896
"2",4400,12896
"3",159,12896
"5",8,12896
"0",221,10007170
"1",3612,10007170
"2",11183,10007170
"3",7747,10007170
"0",166,12982
"1",5211,12982
"2",6598,12982
"3",367,12982
"5",242,12982
"0",90,13213
"1",4090,13213
"2",1537,13213
"3",374,13213
"4",36,13213
"5",9,13213
"0",103,13106
"1",1200,13106
"2",2508,13106
"3",1298,13106
"4",254,13106
"5",8,13106
"6",1,13106
"0",274,13105
"1",9676,13105
"2",3296,13105
"3",3253,13105
"4",2306,13105
"5",65,13105
"0",236,12972
"1",13234,12972
"2",5538,12972
"3",2434,12972
"4",1443,12972
"0",233,12973
"1",7824,12973
"2",7926,12973
"3",5420,12973
"4",804,12973
"5",10,12973
"0",443,12974
"1",42983,12974
"2",24408,12974
"3",10350,12974
"4",1198,12974
"5",23,12974
"0",110,12975
"1",851,12975
"2",913,12975
"3",2206,12975
"4",1751,12975
"5",2,12975
"0",180,12900
"1",2624,12900
"2",3137,12900
"3",3896,12900
"4",1614,12900
"5",108,12900
"0",213,12971
"1",10230,12971
"2",8508,12971
"3",7929,12971
"4",2600,12971
"5",70,12971
"0",202,13096
"1",6503,13096
"2",9584,13096
"3",6442,13096
"4",6212,13096
"5",244,13096
"0",197,13104
"1",5512,13104
"2",7708,13104
"3",2623,13104
"4",1131,13104
"5",1,13104
"0",206,13094
"1",2795,13094
"2",4761,13094
"3",1778,13094
"4",463,13094
"5",5,13094
"0",226,13095
"1",1622,13095
"2",5881,13095
"3",7083,13095
"4",7848,13095
"5",16,13095
"0",309,12895
"1",9058,12895
"2",23251,12895
"3",14272,12895
"4",14578,12895
"5",308,12895
"0",123,12960
"1",2617,12960
"2",949,12960
"3",441,12960
"4",30,12960
"5",605,12960
"6",1420,12960
"0",89,13209
"1",4149,13209
"2",1886,13209
"3",516,13209
"4",36,13209
"0",131,13211
"1",8640,13211
"2",1817,13211
"3",396,13211
"4",126,13211
"5",163,13211
"0",194,13212
"1",8638,13212
"2",5351,13212
"3",1744,13212
"4",466,13212
"5",28,13212
"0",181,13093
"1",2442,13093
"2",5952,13093
"3",1906,13093
"4",812,13093
"0",127,13215
"1",1580,13215
"2",2062,13215
"3",929,13215
"4",554,13215
"0",278,13107
"1",5307,13107
"2",8544,13107
"3",4813,13107
"4",1781,13107
"5",10,13107
"0",910,12979
"1",4819,12979
"2",15001,12979
"3",7187,12979
"4",2846,12979
"5",4,12979
"6",75,12979
"0",205,13216
"1",5237,13216
"2",5663,13216
"3",2711,13216
"4",1777,13216
"5",28,13216
"0",69,12892
"1",604,12892
"2",4312,12892
"0",91,12957
"1",1006,12957
"2",2044,12957
"3",2490,12957
"5",6,12957
"0",157,13206
"1",1068,13206
"2",460,13206
"3",898,13206
"4",2514,13206
"5",119,13206
"0",103,12956
"1",1417,12956
"2",4222,12956
"3",83,12956
"5",9,12956
"0",138,12958
"1",370,12958
"2",5493,12958
"3",3107,12958
"5",54,12958
"0",88,12976
"1",590,12976
"2",3066,12976
"3",2130,12976
"5",27,12976
"0",128,12966
"1",4549,12966
"2",3388,12966
"3",860,12966
"5",15,12966
"0",162,12967
"1",7187,12967
"2",2154,12967
"3",1636,12967
"4",347,12967
"5",6,12967
"0",345,13091
"1",8574,13091
"2",10890,13091
"3",19393,13091
"4",9234,13091
"5",208,13091
"0",37,13097
"1",353,13097
"2",1682,13097
"3",2625,13097
"4",927,13097
"0",651,12893
"1",25184,12893
"2",23341,12893
"3",45649,12893
"4",73872,12893
"5",389,12893
"0",200,12894
"1",5386,12894
"2",7887,12894
"3",5187,12894
"4",1683,12894
"5",94,12894
"0",916,12951
"1",3613,12951
"2",16414,12951
"3",12592,12951
"4",6816,12951
"5",24,12951
"0",443,12952
"1",12238,12952
"2",11115,12952
"3",23160,12952
"4",40612,12952
"5",29,12952
"0",3162,12953
"1",135866,12953
"2",147760,12953
"3",287802,12953
"4",622964,12953
"5",17089,12953
"6",14,12953
"0",1013,12954
"1",42819,12954
"2",30497,12954
"3",54813,12954
"4",123684,12954
"5",1515,12954
"6",1,12954
"0",359,12968
"1",7309,12968
"2",14502,12968
"3",20119,12968
"4",6293,12968
"5",53,12968
"0",135,13128
"1",1845,13128
"2",2120,13128
"3",4512,13128
"4",3876,13128
"5",2,13128
"0",105,13100
"1",1284,13100
"2",482,13100
"3",1012,13100
"4",2160,13100
"0",264,13102
"1",6391,13102
"2",9703,13102
"3",5054,13102
"4",1514,13102
"5",6,13102
"0",362,10007257
"1",4539,10007257
"2",14885,10007257
"3",7990,10007257
"4",1860,10007257
"0",114,12977
"1",1794,12977
"2",2029,12977
"3",1537,12977
"4",526,12977
"5",3,12977
"0",155,12950
"1",1125,12950
"2",4484,12950
"3",483,12950
"4",15,12950
"5",5,12950
"0",275,12959
"1",5,12959
"2",34963,12959
"3",873,12959
"5",2873,12959
"0",1769,12978
"1",196176,12978
"2",149932,12978
"3",92258,12978
"5",48934,12978
"0",102,13090
"1",1976,13090
"2",3887,13090
"3",3514,13090
"4",477,13090
"5",10,13090
"0",911,12961
"1",42992,12961
"2",32617,12961
"3",90685,12961
"4",122195,12961
"5",282,12961
"0",88,12969
"1",1380,12969
"2",4020,12969
"3",240,12969
"5",65,12969
"0",117,13101
"1",1651,13101
"2",2338,13101
"3",2338,13101
"4",2005,13101
"0",365,13103
"1",10686,13103
"2",13978,13103
"3",6996,13103
"4",2114,13103
"5",20,13103
"6",43,13103
"0",62,10002332
"1",1114,10002332
"2",3874,10002332
"0",224,13501
"1",1056,13501
"2",9742,13501
"3",5730,13501
"4",373,13501
"5",3,13501
"0",265,13502
"1",3976,13502
"2",5912,13502
"3",3029,13502
"4",263,13502
"5",57,13502
"0",107,13634
"1",719,13634
"2",2228,13634
"3",3394,13634
"4",273,13634
"5",137,13634
"6",2,13634
"0",175,13459
"1",3669,13459
"2",4433,13459
"3",3863,13459
"4",1954,13459
"5",147,13459
"0",507,13552
"1",14078,13552
"2",22380,13552
"3",20099,13552
"4",21526,13552
"5",319,13552
"0",259,13553
"1",3996,13553
"2",11484,13553
"3",12260,13553
"4",9182,13553
"5",148,13553
"0",108,13497
"1",1632,13497
"2",2999,13497
"3",1628,13497
"4",144,13497
"5",46,13497
"0",119,13503
"1",893,13503
"2",1084,13503
"3",1757,13503
"4",1210,13503
"5",64,13503
"0",110,13562
"1",646,13562
"2",2272,13562
"3",2881,13562
"4",2064,13562
"5",12,13562
"0",215,13704
"1",3410,13704
"2",3650,13704
"3",1727,13704
"4",709,13704
"5",68,13704
"0",92,13494
"1",2087,13494
"2",2151,13494
"3",45,13494
"5",357,13494
"0",131,13493
"1",568,13493
"2",2966,13493
"3",3383,13493
"4",2084,13493
"5",93,13493
"0",208,13554
"1",3184,13554
"2",3702,13554
"3",3728,13554
"4",5419,13554
"5",22,13554
"0",853,13468
"1",48123,13468
"2",88950,13468
"3",36037,13468
"4",3633,13468
"5",1483,13468
"6",2,13468
"0",108,13499
"1",1956,13499
"2",1533,13499
"3",1287,13499
"4",836,13499
"5",7,13499
"0",205,13557
"1",1945,13557
"2",3709,13557
"3",3466,13557
"4",8266,13557
"5",38,13557
"0",131,13702
"1",4707,13702
"2",1958,13702
"3",361,13702
"4",49,13702
"5",121,13702
"0",408,13561
"1",15669,13561
"2",15509,13561
"3",9730,13561
"4",8733,13561
"5",283,13561
"6",1,13561
"0",383,13467
"1",15563,13467
"2",15528,13467
"3",14813,13467
"4",8419,13467
"5",512,13467
"0",148,13491
"1",1596,13491
"2",5449,13491
"3",1431,13491
"4",2265,13491
"0",119,13490
"1",3850,13490
"2",2120,13490
"3",131,13490
"4",30,13490
"5",173,13490
"0",621,13703
"1",6227,13703
"2",9415,13703
"3",4587,13703
"4",1883,13703
"5",4,13703
"6",33,13703
"0",181,13701
"1",7289,13701
"2",5737,13701
"3",2092,13701
"4",433,13701
"5",93,13701
"6",1,13701
"0",177,13464
"1",2135,13464
"2",11096,13464
"3",2731,13464
"4",39,13464
"6",2052,13464
"0",163,13496
"1",1165,13496
"2",3792,13496
"3",3474,13496
"4",374,13496
"5",5,13496
"6",1031,13496
"0",132,13558
"1",1228,13558
"2",8282,13558
"3",772,13558
"5",3,13558
"6",1656,13558
"0",274,10007213
"1",1550,10007213
"2",17603,10007213
"3",19840,10007213
"4",1815,10007213
"5",1,10007213
"6",550,10007213
"0",464,10018944
"1",4279,10018944
"2",32557,10018944
"3",4891,10018944
"5",2,10018944
"0",104,13463
"1",3220,13463
"2",5060,13463
"3",264,13463
"5",59,13463
"0",141,13492
"1",1245,13492
"2",3861,13492
"3",1447,13492
"5",11,13492
"0",192,13559
"1",8246,13559
"2",6249,13559
"3",3295,13559
"4",461,13559
"5",7,13559
"0",151,13560
"1",4345,13560
"2",2826,13560
"3",4150,13560
"4",3866,13560
"5",228,13560
"0",82,13555
"1",530,13555
"2",1455,13555
"3",2021,13555
"4",878,13555
"5",39,13555
"0",235,13556
"1",8242,13556
"2",11821,13556
"3",5369,13556
"4",1261,13556
"5",8045,13556
"0",607,13548
"1",20102,13548
"2",30433,13548
"3",20520,13548
"4",11784,13548
"5",334,13548
"0",285,13549
"1",6499,13549
"2",8630,13549
"3",8596,13549
"4",4483,13549
"5",1249,13549
"0",998,13550
"1",8663,13550
"2",35003,13550
"3",11722,13550
"4",658,13550
"5",36,13550
"6",20,13550
"0",106,13551
"1",2095,13551
"2",1401,13551
"3",1983,13551
"4",593,13551
"5",394,13551
"0",67,10002391
"1",703,10002391
"2",5212,10002391
"0",148,14154
"1",1196,14154
"2",5012,14154
"3",6448,14154
"4",963,14154
"5",32,14154
"0",126,14130
"1",808,14130
"2",4084,14130
"3",1626,14130
"0",90,14161
"1",381,14161
"2",4790,14161
"3",721,14161
"5",25,14161
"0",589,14162
"1",89609,14162
"2",41060,14162
"3",20841,14162
"4",2483,14162
"5",22613,14162
"0",152,14133
"1",303,14133
"2",11708,14133
"0",357,14150
"1",2605,14150
"2",4656,14150
"3",17778,14150
"4",5306,14150
"5",84,14150
"0",87,14244
"1",1551,14244
"2",3061,14244
"3",2765,14244
"4",3552,14244
"5",3,14244
"0",143,14153
"1",3579,14153
"2",2916,14153
"3",2396,14153
"4",1456,14153
"5",60,14153
"6",164,14153
"0",105,14240
"1",1467,14240
"2",1459,14240
"3",2096,14240
"4",2787,14240
"5",6,14240
"0",188,14239
"1",6486,14239
"2",5351,14239
"3",1806,14239
"4",1193,14239
"5",9,14239
"0",223,14142
"1",631,14142
"2",16903,14142
"0",86,14144
"1",723,14144
"2",5784,14144
"0",68,14125
"1",1269,14125
"2",1435,14125
"3",2142,14125
"4",563,14125
"5",53,14125
"0",142,14489
"1",6256,14489
"2",3214,14489
"3",991,14489
"4",408,14489
"0",111,14494
"1",3668,14494
"2",4413,14494
"3",486,14494
"4",52,14494
"5",31,14494
"0",89,14493
"1",2763,14493
"2",2298,14493
"3",442,14493
"4",56,14493
"5",6,14493
"0",430,14243
"1",12012,14243
"2",20487,14243
"3",10990,14243
"4",2650,14243
"5",470,14243
"0",90,14140
"1",6429,14140
"2",537,14140
"5",73,14140
"6",38,14140
"0",67,14491
"1",1025,14491
"2",3177,14491
"3",653,14491
"0",202,14026
"1",3566,14026
"2",11179,14026
"3",2355,14026
"0",509,14027
"1",7731,14027
"2",3252,14027
"5",128,14027
"0",239,14028
"1",3159,14028
"2",8958,14028
"3",3733,14028
"4",107,14028
"5",21,14028
"0",107,14129
"1",1677,14129
"2",5320,14129
"3",2192,14129
"5",20,14129
"0",71,14148
"1",458,14148
"2",3554,14148
"3",845,14148
"0",503,14149
"1",2202,14149
"2",26427,14149
"3",14,14149
"5",2,14149
"0",126,14151
"1",926,14151
"2",3096,14151
"3",1684,14151
"4",6,14151
"5",24,14151
"0",395,14132
"1",5044,14132
"2",37710,14132
"3",3583,14132
"5",7,14132
"0",488,14163
"1",3874,14163
"2",36993,14163
"3",506,14163
"0",162,14135
"1",836,14135
"2",7767,14135
"3",132,14135
"5",2,14135
"0",118,14138
"1",1041,14138
"2",922,14138
"3",2536,14138
"4",981,14138
"5",4,14138
"0",108,14146
"1",1573,14146
"2",1161,14146
"3",1728,14146
"4",1115,14146
"5",202,14146
"0",99,14134
"1",776,14134
"2",702,14134
"3",2335,14134
"4",969,14134
"5",7,14134
"0",803,14137
"1",8011,14137
"2",25076,14137
"3",59956,14137
"4",16515,14137
"5",247,14137
"0",179,14139
"1",1104,14139
"2",6277,14139
"3",3710,14139
"4",93,14139
"5",3,14139
"0",63,10005700
"1",381,10005700
"2",5680,10005700
"0",101,14159
"1",871,14159
"2",3963,14159
"3",1921,14159
"4",53,14159
"5",34,14159
"0",73,14128
"1",785,14128
"2",948,14128
"3",2146,14128
"4",1116,14128
"5",4,14128
"0",137,14147
"1",2710,14147
"2",3781,14147
"3",2668,14147
"4",170,14147
"5",14,14147
"0",228,14241
"1",7970,14241
"2",10556,14241
"3",5190,14241
"4",592,14241
"5",46,14241
"0",113,14136
"1",4448,14136
"2",1281,14136
"3",576,14136
"4",120,14136
"5",23,14136
"0",85,14131
"1",1968,14131
"2",2264,14131
"3",490,14131
"4",37,14131
"5",6,14131
"0",180,14155
"1",7882,14155
"2",3571,14155
"3",995,14155
"4",75,14155
"5",3514,14155
"6",2619,14155
"0",100,14127
"1",5182,14127
"2",3200,14127
"3",562,14127
"5",74,14127
"0",144,14242
"1",3526,14242
"2",2332,14242
"3",741,14242
"4",96,14242
"5",45,14242
"0",160,15731
"1",1231,15731
"2",1843,15731
"3",1610,15731
"4",106,15731
"5",1,15731
"0",182,15167
"1",1510,15167
"2",1499,15167
"3",12138,15167
"4",4250,15167
"0",84,15162
"1",199,15162
"2",1350,15162
"3",1895,15162
"4",153,15162
"0",135,15030
"1",1585,15030
"2",6111,15030
"5",14,15030
"0",31,14883
"1",459,14883
"2",1477,14883
"5",12,14883
"0",134,15164
"1",598,15164
"2",4212,15164
"3",3734,15164
"4",377,15164
"5",34,15164
"0",164,14808
"1",4265,14808
"2",3543,14808
"3",4420,14808
"4",470,14808
"0",136,15040
"1",588,15040
"2",6527,15040
"5",1,15040
"0",126,14801
"1",1569,14801
"2",3761,14801
"3",4029,14801
"4",861,14801
"5",9,14801
"0",150,14799
"1",2735,14799
"2",5282,14799
"3",1847,14799
"4",7,14799
"0",376,10007237
"1",4836,10007237
"2",37743,10007237
"0",348,15036
"1",10449,15036
"2",54926,15036
"5",7,15036
"0",176,15188
"1",4090,15188
"2",6675,15188
"3",3567,15188
"4",213,15188
"5",2,15188
"0",101,15042
"1",1150,15042
"2",2777,15042
"3",2095,15042
"4",234,15042
"5",88,15042
"0",308,15168
"1",5890,15168
"2",11096,15168
"3",13182,15168
"4",2194,15168
"0",420,15190
"1",12138,15190
"2",13999,15190
"3",7629,15190
"4",2820,15190
"5",8,15190
"0",141,15191
"1",2814,15191
"2",2855,15191
"3",1848,15191
"4",3140,15191
"5",43,15191
"0",729,14803
"1",49472,14803
"2",47136,14803
"3",50759,14803
"4",19494,14803
"0",357,15178
"1",8104,15178
"2",10538,15178
"3",4447,15178
"4",2083,15178
"5",6,15178
"0",109,15035
"1",1560,15035
"2",2504,15035
"3",2044,15035
"4",1685,15035
"0",165,15181
"1",1610,15181
"2",3135,15181
"3",5551,15181
"4",2897,15181
"5",3,15181
"0",141,14806
"1",3365,14806
"2",5024,14806
"3",3877,14806
"4",2788,14806
"5",50,14806
"6",88,14806
"0",406,15176
"1",21783,15176
"2",33305,15176
"3",13947,15176
"4",6956,15176
"5",35,15176
"0",1425,15189
"1",131910,15189
"2",163127,15189
"3",87961,15189
"4",72969,15189
"5",504,15189
"0",336,15046
"1",27360,15046
"2",33501,15046
"3",7562,15046
"4",3803,15046
"5",110,15046
"0",223,15169
"1",7054,15169
"2",8949,15169
"3",6193,15169
"4",5660,15169
"5",56,15169
"0",536,15179
"1",31980,15179
"2",43068,15179
"3",21055,15179
"4",9504,15179
"5",91,15179
"6",3,15179
"0",84,14807
"1",1287,14807
"2",2661,14807
"3",1131,14807
"4",615,14807
"5",3,14807
"0",485,14796
"1",11074,14796
"2",17869,14796
"3",18440,14796
"4",6480,14796
"0",277,15044
"1",6862,15044
"2",4063,15044
"3",89,15044
"4",2,15044
"5",11,15044
"0",118,15440
"1",3460,15440
"2",4709,15440
"3",387,15440
"0",386,15443
"1",7185,15443
"2",18926,15443
"3",3556,15443
"4",305,15443
"5",4,15443
"6",594,15443
"0",187,15043
"1",6633,15043
"2",4304,15043
"3",249,15043
"4",13,15043
"5",105,15043
"0",194,14775
"1",2566,14775
"2",2611,14775
"3",1856,14775
"4",225,14775
"5",1,14775
"0",176,15422
"1",6075,15422
"2",11653,15422
"3",1906,15422
"4",183,15422
"0",97,15441
"1",4904,15441
"2",1520,15441
"3",125,15441
"5",10,15441
"6",243,15441
"0",74,15175
"1",1769,15175
"2",3013,15175
"3",972,15175
"4",204,15175
"0",97,15442
"1",1278,15442
"2",918,15442
"3",2490,15442
"4",579,15442
"0",385,10005339
"1",9509,10005339
"2",32530,10005339
"3",268,10005339
"0",86,15038
"1",2609,15038
"2",1427,15038
"3",2824,15038
"4",548,15038
"5",4,15038
"0",129,15039
"1",1227,15039
"2",4956,15039
"3",2881,15039
"4",445,15039
"5",3,15039
"0",234,14805
"1",1428,14805
"2",16722,14805
"3",4200,14805
"4",235,14805
"0",86,15034
"1",1402,15034
"2",2432,15034
"3",562,15034
"4",16,15034
"6",573,15034
"0",105,14798
"1",713,14798
"2",3310,14798
"3",3128,14798
"0",84,14804
"1",228,14804
"2",6641,14804
"0",111,15033
"1",688,15033
"2",2289,15033
"3",2310,15033
"0",92,15048
"1",450,15048
"2",5897,15048
"5",14,15048
"0",126,14800
"1",1496,14800
"2",2944,14800
"3",412,14800
"5",2,14800
"0",106,15027
"1",784,15027
"2",3059,15027
"3",1001,15027
"5",2,15027
"0",121,14802
"1",1442,14802
"2",4766,14802
"3",1815,14802
"5",41,14802
"0",390,15171
"1",10608,15171
"2",12795,15171
"3",22291,15171
"4",19363,15171
"5",13,15171
"0",142,15172
"1",1907,15172
"2",2402,15172
"3",4515,15172
"4",2565,15172
"0",142,15439
"1",2484,15439
"2",6343,15439
"3",2490,15439
"0",1465,15182
"1",102066,15182
"2",123852,15182
"3",140850,15182
"4",24687,15182
"5",22,15182
"0",123,15184
"1",3373,15184
"2",5466,15184
"3",2995,15184
"4",290,15184
"0",132,15438
"1",1599,15438
"2",2755,15438
"3",2123,15438
"4",102,15438
"0",125,15183
"1",3256,15183
"2",3562,15183
"3",2592,15183
"4",267,15183
"0",1131,15166
"1",11834,15166
"2",27284,15166
"3",28914,15166
"4",6880,15166
"5",3,15166
"0",888,15185
"1",42215,15185
"2",68608,15185
"3",53119,15185
"4",19422,15185
"5",430,15185
"0",131,15186
"1",4883,15186
"2",6593,15186
"3",3669,15186
"4",730,15186
"5",13,15186
"0",112,15187
"1",2163,15187
"2",4323,15187
"3",3077,15187
"4",1363,15187
"0",961,10024308
"1",7389,10024308
"2",15272,10024308
"3",14940,10024308
"4",3762,10024308
"5",762,10024308
"0",1943,15174
"1",44219,15174
"2",293374,15174
"3",261931,15174
"4",121723,15174
"5",8,15174
"0",733,10005666
"1",13489,10005666
"2",26142,10005666
"3",7529,10005666
"4",197,10005666
"5",165,10005666
"0",137,15173
"1",736,15173
"2",1252,15173
"3",3570,15173
"4",3946,15173
"0",63,14704
"1",1673,14704
"2",5702,14704
"0",218,15437
"1",3336,15437
"2",4909,15437
"0",87,15028
"1",1559,15028
"2",1471,15028
"3",2197,15028
"4",124,15028
"0",176,15037
"1",3452,15037
"2",1402,15037
"3",1801,15037
"4",701,15037
"5",22,15037
"0",159,15045
"1",4860,15045
"2",7013,15045
"3",3832,15045
"4",1296,15045
"5",13,15045
"0",202,16173
"1",1809,16173
"2",9788,16173
"3",8004,16173
"4",1147,16173
"5",66,16173
"0",93,15857
"1",1095,15857
"2",1156,15857
"3",2434,15857
"4",889,15857
"5",5,15857
"0",84,16016
"1",463,16016
"2",4797,16016
"0",83,16025
"1",298,16025
"2",4586,16025
"5",16,16025
"0",708,16184
"1",2724,16184
"2",23432,16184
"3",3038,16184
"4",172,16184
"0",862,16185
"1",11109,16185
"2",81065,16185
"3",26476,16185
"4",10599,16185
"5",72,16185
"0",87,16451
"1",2503,16451
"2",2417,16451
"3",263,16451
"4",21,16451
"5",2,16451
"0",673,10019020
"1",3604,10019020
"2",8551,10019020
"3",7023,10019020
"4",3012,10019020
"5",265,10019020
"6",73,10019020
"0",199,16199
"1",1943,16199
"2",2646,16199
"3",3659,16199
"4",5520,16199
"5",49,16199
"0",218,16189
"1",6082,16189
"2",5982,16189
"3",9324,16189
"4",8742,16189
"5",51,16189
"6",188,16189
"0",45,16028
"1",567,16028
"2",3214,16028
"3",1096,16028
"0",410,16190
"1",16304,16190
"2",27227,16190
"3",28133,16190
"4",32182,16190
"5",800,16190
"0",685,16191
"1",30450,16191
"2",62786,16191
"3",73998,16191
"4",128141,16191
"5",1303,16191
"0",828,15861
"1",45142,15861
"2",72187,15861
"3",64950,15861
"4",31295,15861
"5",1081,15861
"0",131,16187
"1",4097,16187
"2",6088,16187
"3",2945,16187
"4",1275,16187
"5",60,16187
"0",97,16198
"1",1077,16198
"2",1232,16198
"3",1925,16198
"4",2842,16198
"5",3,16198
"0",330,16017
"1",12163,16017
"2",26870,16017
"3",16384,16017
"4",8892,16017
"5",206,16017
"6",2,16017
"0",119,16186
"1",2675,16186
"2",5410,16186
"3",2187,16186
"4",692,16186
"5",19,16186
"0",115,16505
"1",260,16505
"2",2305,16505
"3",3723,16505
"4",690,16505
"0",60,15860
"1",1169,15860
"2",3860,15860
"3",201,15860
"4",2,15860
"0",150,10005333
"1",1395,10005333
"2",8088,10005333
"0",152,16015
"1",7520,16015
"2",11388,16015
"3",3070,16015
"4",3,16015
"5",15,16015
"0",150,16179
"1",1799,16179
"2",2793,16179
"3",4217,16179
"4",1700,16179
"5",24,16179
"0",128,16020
"1",3062,16020
"2",7672,16020
"3",1176,16020
"4",2,16020
"0",82,15826
"1",447,15826
"2",4511,15826
"5",49,15826
"0",126,16029
"1",848,16029
"2",9930,16029
"5",6,16029
"0",336,16192
"1",9129,16192
"2",17423,16192
"3",25380,16192
"4",14566,16192
"5",13,16192
"0",96,16193
"1",2612,16193
"2",1656,16193
"3",1526,16193
"4",889,16193
"5",42,16193
"0",489,16194
"1",13090,16194
"2",11313,16194
"3",18490,16194
"4",17141,16194
"5",50,16194
"6",49,16194
"0",1229,16023
"1",20081,16023
"2",27761,16023
"3",32043,16023
"4",5244,16023
"5",486,16023
"6",780,16023
"0",386,16024
"1",17913,16024
"2",14767,16024
"3",7748,16024
"4",3446,16024
"5",1711,16024
"0",139,16026
"1",2287,16026
"2",5174,16026
"3",847,16026
"4",2,16026
"5",246,16026
"0",2615,16180
"1",222873,16180
"2",211469,16180
"3",184500,16180
"4",103329,16180
"5",33456,16180
"6",1922,16180
"0",588,16181
"1",21097,16181
"2",52970,16181
"3",34367,16181
"4",14168,16181
"5",2537,16181
"0",980,16182
"1",72646,16182
"2",63505,16182
"3",41397,16182
"4",34545,16182
"5",2935,16182
"0",1506,16183
"1",175476,16183
"2",97728,16183
"3",73859,16183
"4",50462,16183
"5",10961,16183
"0",207,16196
"1",1290,16196
"2",11627,16196
"3",5738,16196
"4",413,16196
"5",2,16196
"0",93,16197
"1",815,16197
"2",1601,16197
"3",1365,16197
"4",1168,16197
"5",19,16197
"0",113,16021
"1",4478,16021
"2",4923,16021
"3",2398,16021
"4",281,16021
"5",171,16021
"0",664,16178
"1",80838,16178
"2",71745,16178
"3",29945,16178
"4",2840,16178
"5",1603,16178
"6",1,16178
"0",99,16176
"1",1459,16176
"2",6525,16176
"3",2277,16176
"4",514,16176
"5",401,16176
"0",623,16437
"1",4694,16437
"2",12194,16437
"3",3323,16437
"4",59,16437
"5",804,16437
"0",407,16019
"1",12639,16019
"2",28430,16019
"3",7764,16019
"4",4733,16019
"5",3,16019
"0",1638,16177
"1",46912,16177
"2",61117,16177
"3",25000,16177
"4",2381,16177
"5",30922,16177
"6",99,16177
"0",194,10019124
"1",4359,10019124
"2",9188,10019124
"3",6549,10019124
"4",278,10019124
"5",533,10019124
"0",284,16022
"1",5080,16022
"2",11182,16022
"3",5321,16022
"4",1013,16022
"5",2,16022
"0",2326,16188
"1",59804,16188
"2",73286,16188
"3",161788,16188
"4",795679,16188
"5",448,16188
"0",114,15862
"1",402,15862
"2",5816,15862
"0",893,17565
"1",56018,17565
"2",53524,17565
"3",43126,17565
"4",27569,17565
"5",1080,17565
"6",2,17565
"0",118,17532
"1",3770,17532
"2",9270,17532
"3",25,17532
"4",1,17532
"0",98,17535
"1",443,17535
"2",4266,17535
"3",961,17535
"4",1,17535
"0",115,16660
"1",784,16660
"2",4940,16660
"3",72,16660
"0",137,16677
"1",766,16677
"2",9358,16677
"3",1826,16677
"5",19,16677
"0",685,16657
"1",13718,16657
"2",49149,16657
"3",33566,16657
"4",11382,16657
"5",85,16657
"6",1,16657
"0",310,16598
"1",5806,16598
"2",16767,16598
"3",11227,16598
"4",2371,16598
"0",232,16690
"1",2741,16690
"2",9738,16690
"3",2512,16690
"4",383,16690
"0",353,17028
"1",13782,17028
"2",40330,17028
"3",6360,17028
"4",611,17028
"5",5,17028
"0",142,16656
"1",823,16656
"2",4031,16656
"5",8,16656
"0",242,16664
"1",3250,16664
"2",10168,16664
"3",4486,16664
"4",789,16664
"5",31,16664
"6",106,16664
"0",112,16680
"1",1076,16680
"2",1992,16680
"3",1181,16680
"4",393,16680
"5",31,16680
"6",585,16680
"0",134,16685
"1",3102,16685
"2",7099,16685
"3",299,16685
"4",26,16685
"0",461,16599
"1",9976,16599
"2",20585,16599
"3",23604,16599
"4",2440,16599
"5",109,16599
"0",48,10005809
"1",192,10005809
"2",1094,10005809
"3",300,10005809
"6",70,10005809
"0",133,17069
"1",1561,17069
"2",8217,17069
"3",2651,17069
"4",428,17069
"5",4,17069
"0",565,17246
"1",16034,17246
"2",31542,17246
"3",6064,17246
"4",2075,17246
"5",76,17246
"0",149,17068
"1",2366,17068
"2",6189,17068
"3",3475,17068
"4",1105,17068
"5",12,17068
"0",112,17247
"1",2446,17247
"2",9846,17247
"3",3748,17247
"4",846,17247
"5",4,17247
"0",83,17071
"1",1596,17071
"2",2039,17071
"3",1270,17071
"4",675,17071
"5",10,17071
"0",170,17072
"1",2915,17072
"2",3249,17072
"3",1552,17072
"4",1875,17072
"5",86,17072
"0",576,17073
"1",25149,17073
"2",31379,17073
"3",21127,17073
"4",15852,17073
"5",346,17073
"0",876,17070
"1",25955,17070
"2",30432,17070
"3",64634,17070
"4",30196,17070
"5",645,17070
"0",1117,17031
"1",43645,17031
"2",51504,17031
"3",101771,17031
"4",70733,17031
"5",124,17031
"0",211,16655
"1",10363,16655
"2",7052,16655
"3",746,16655
"4",2,16655
"0",2044,17032
"1",207448,17032
"2",186568,17032
"3",215805,17032
"4",128712,17032
"5",4472,17032
"0",657,17034
"1",14424,17034
"2",25106,17034
"3",21666,17034
"4",8823,17034
"5",252,17034
"0",372,17245
"1",25632,17245
"2",2502,17245
"5",78,17245
"0",166,16682
"1",2395,16682
"2",7170,16682
"3",4540,16682
"4",4946,16682
"5",31,16682
"0",95,16683
"1",3417,16683
"2",2992,16683
"3",482,16683
"4",15,16683
"5",57,16683
"0",463,17025
"1",15528,17025
"2",39582,17025
"3",24316,17025
"4",14703,17025
"5",23,17025
"0",119,17026
"1",1052,17026
"2",2282,17026
"3",1866,17026
"4",1356,17026
"5",12,17026
"0",1099,17029
"1",40334,17029
"2",72806,17029
"3",64629,17029
"4",55839,17029
"5",627,17029
"6",1768,17029
"0",152,17027
"1",1980,17027
"2",1385,17027
"3",3060,17027
"4",2265,17027
"5",430,17027
"6",223,17027
"0",412,17030
"1",10601,17030
"2",12161,17030
"3",13622,17030
"4",16762,17030
"5",154,17030
"0",88,17043
"1",3895,17043
"2",3202,17043
"3",291,17043
"4",41,17043
"5",6,17043
"0",138,17044
"1",4306,17044
"2",7290,17044
"3",1075,17044
"4",519,17044
"0",258,17046
"1",3594,17046
"2",4729,17046
"3",7470,17046
"4",11332,17046
"5",53,17046
"0",275,17047
"1",4220,17047
"2",10835,17047
"3",9274,17047
"4",6201,17047
"5",22,17047
"0",140,16658
"1",576,16658
"2",2054,16658
"3",3067,16658
"4",2431,16658
"5",13,16658
"0",160,16669
"1",3628,16669
"2",4250,16669
"3",1546,16669
"4",99,16669
"5",111,16669
"0",835,16596
"1",17118,16596
"2",58232,16596
"3",58339,16596
"4",30181,16596
"5",50,16596
"6",1604,16596
"0",86,16597
"1",2004,16597
"2",4381,16597
"3",331,16597
"4",39,16597
"5",5,16597
"0",230,16653
"1",2761,16653
"2",1589,16653
"3",2511,16653
"4",1447,16653
"5",5,16653
"0",137,16672
"1",2973,16672
"2",6295,16672
"3",1548,16672
"4",365,16672
"5",13,16672
"0",134,16676
"1",3397,16676
"2",2593,16676
"3",805,16676
"4",144,16676
"5",1,16676
"0",98,16688
"1",1968,16688
"2",2506,16688
"3",469,16688
"4",138,16688
"5",1,16688
"0",341,17036
"1",6284,17036
"2",10611,17036
"3",13851,17036
"4",4377,17036
"5",15,17036
"6",2536,17036
"0",1217,17055
"1",194480,17055
"2",134919,17055
"3",64332,17055
"4",34585,17055
"5",282,17055
"0",180,17057
"1",2566,17057
"2",5399,17057
"3",4562,17057
"4",5364,17057
"5",1,17057
"0",128,17066
"1",1700,17066
"2",4281,17066
"3",4843,17066
"4",2555,17066
"5",2,17066
"6",955,17066
"0",421,17041
"1",26454,17041
"2",22054,17041
"3",11831,17041
"4",6704,17041
"5",482,17041
"0",720,17050
"1",41705,17050
"2",57290,17050
"3",29159,17050
"4",18326,17050
"5",340,17050
"0",135,17051
"1",5118,17051
"2",4215,17051
"3",1425,17051
"4",373,17051
"5",80,17051
"0",411,17052
"1",27817,17052
"2",37947,17052
"3",23399,17052
"4",25117,17052
"5",159,17052
"0",562,17053
"1",43603,17053
"2",37052,17053
"3",22043,17053
"4",13373,17053
"5",285,17053
"0",267,17054
"1",7377,17054
"2",12940,17054
"3",8407,17054
"4",4551,17054
"5",56,17054
"0",531,17056
"1",21922,17056
"2",20351,17056
"3",13366,17056
"4",2943,17056
"5",518,17056
"0",768,17058
"1",55060,17058
"2",34398,17058
"3",21613,17058
"4",11911,17058
"5",704,17058
"0",369,17059
"1",36419,17059
"2",13402,17059
"3",5820,17059
"4",2931,17059
"5",442,17059
"0",100,17061
"1",1401,17061
"2",1596,17061
"3",1170,17061
"4",1028,17061
"5",20,17061
"0",634,17062
"1",20841,17062
"2",16709,17062
"3",16915,17062
"4",7371,17062
"5",363,17062
"0",823,17064
"1",36938,17064
"2",36597,17064
"3",25350,17064
"4",34534,17064
"5",259,17064
"0",319,16600
"1",12494,16600
"2",9549,16600
"3",9662,16600
"4",2001,16600
"5",1158,16600
"0",654,17065
"1",22690,17065
"2",36966,17065
"3",46480,17065
"4",26694,17065
"5",108,17065
"0",125,17067
"1",2062,17067
"2",3034,17067
"3",710,17067
"4",88,17067
"5",2,17067
"0",482,17022
"1",18932,17022
"2",16936,17022
"3",10877,17022
"4",8218,17022
"5",16,17022
"6",3803,17022
"0",149,16674
"1",2222,16674
"2",5520,16674
"3",1627,16674
"4",491,16674
"5",13,16674
"0",215,16675
"1",3034,16675
"2",3349,16675
"3",1022,16675
"4",398,16675
"5",113,16675
"0",156,17037
"1",932,17037
"2",2846,17037
"3",3441,17037
"4",1922,17037
"5",4,17037
"0",137,17038
"1",2001,17038
"2",4565,17038
"3",1226,17038
"4",413,17038
"5",11,17038
"0",109,21857
"1",1179,21857
"2",3150,21857
"3",522,21857
"4",94,21857
"0",269,16665
"1",8772,16665
"2",9247,16665
"3",3221,16665
"4",883,16665
"5",55,16665
"0",354,16667
"1",10282,16667
"2",22270,16667
"3",4170,16667
"4",980,16667
"5",359,16667
"0",244,16668
"1",5656,16668
"2",10450,16668
"3",2382,16668
"4",517,16668
"5",862,16668
"0",169,16679
"1",4243,16679
"2",7935,16679
"3",2770,16679
"4",1152,16679
"5",124,16679
"0",105,17039
"1",1620,17039
"2",3487,17039
"3",2006,17039
"4",860,17039
"5",5,17039
"0",96,17023
"1",5400,17023
"2",2544,17023
"3",1219,17023
"4",752,17023
"5",60,17023
"0",1975,17024
"1",53687,17024
"2",118080,17024
"3",76168,17024
"4",75508,17024
"5",984,17024
"6",12,17024
"0",309,17060
"1",4363,17060
"2",6062,17060
"3",5463,17060
"4",2683,17060
"5",10,17060
"0",97,16662
"1",2733,16662
"2",2662,16662
"3",212,16662
"4",59,16662
"0",82,17063
"1",1880,17063
"2",2649,17063
"3",895,17063
"4",197,17063
"5",10,17063
"0",144,16689
"1",109,16689
"2",6439,16689
"0",335,10006114
"1",2185,10006114
"2",2678,10006114
"3",737,10006114
"4",504,10006114
"5",210,10006114
"0",107,17248
"1",3468,17248
"2",1117,17248
"3",110,17248
"4",23,17248
"5",22,17248
"6",218,17248
"0",89,17249
"1",1437,17249
"2",2882,17249
"3",764,17249
"4",151,17249
"5",1,17249
"0",916,17021
"1",14137,17021
"2",61369,17021
"3",53554,17021
"4",4069,17021
"5",146,17021
"0",397,17020
"1",9024,17020
"2",16275,17020
"3",19888,17020
"4",5234,17020
"5",769,17020
"0",701,16595
"1",4723,16595
"2",32304,16595
"3",30716,16595
"4",1741,16595
"5",85,16595
"0",229,17019
"1",3156,17019
"2",9431,17019
"3",9225,17019
"4",723,17019
"5",40,17019
"0",232,16702
"1",12905,16702
"2",2618,16702
"3",634,16702
"4",202,16702
"5",992,16702
"0",188,16703
"1",3637,16703
"2",6517,16703
"3",383,16703
"5",326,16703
"0",1020,17049
"1",27385,17049
"2",42458,17049
"3",48455,17049
"4",46059,17049
"5",68,17049
"0",382,17033
"1",6158,17033
"2",11595,17033
"3",19808,17033
"4",5089,17033
"5",102,17033
"0",114,17035
"1",1153,17035
"2",3561,17035
"3",3436,17035
"4",735,17035
"0",155,16687
"1",448,16687
"2",8080,16687
"3",3385,16687
"0",115,10002565
"1",401,10002565
"2",6000,10002565
"0",54,10002566
"1",847,10002566
"2",5641,10002566
"6",566,10002566
"0",107,17734
"1",1529,17734
"2",2809,17734
"3",2861,17734
"4",789,17734
"5",10,17734
"0",136,17728
"1",1705,17728
"2",4503,17728
"3",8168,17728
"4",2517,17728
"0",241,17729
"1",3871,17729
"2",8958,17729
"3",15860,17729
"4",1746,17729
"5",35,17729
"0",177,17672
"1",6463,17672
"2",18121,17672
"3",3467,17672
"4",1285,17672
"5",5,17672
"0",119,17671
"1",838,17671
"2",4335,17671
"3",1507,17671
"4",287,17671
"0",72,18356
"1",3251,18356
"2",2714,18356
"3",557,18356
"4",37,18356
"0",174,17732
"1",1881,17732
"2",8101,17732
"0",295,17733
"1",11219,17733
"2",7617,17733
"3",20886,17733
"4",14842,17733
"5",5,17733
"0",97,17707
"1",1009,17707
"2",6562,17707
"3",1077,17707
"5",2,17707
"0",46,17708
"1",46,17708
"2",708,17708
"3",1179,17708
"4",100,17708
"0",156,18359
"1",1621,18359
"2",1848,18359
"3",1255,18359
"4",776,18359
"5",21,18359
"0",204,18156
"1",836,18156
"2",7068,18156
"3",5564,18156
"5",1,18156
"0",169,18357
"1",3232,18357
"2",7515,18357
"3",2623,18357
"4",743,18357
"5",18,18357
"0",96,18358
"1",2530,18358
"2",2965,18358
"3",1281,18358
"4",836,18358
"5",27,18358
"0",267,18360
"1",4646,18360
"2",15090,18360
"3",10514,18360
"4",4919,18360
"5",486,18360
"0",442,18172
"1",10593,18172
"2",14035,18172
"3",7331,18172
"4",4864,18172
"5",419,18172
"0",282,18159
"1",4605,18159
"2",22827,18159
"3",11805,18159
"4",4567,18159
"5",14,18159
"0",102,18160
"1",1860,18160
"2",3749,18160
"3",1742,18160
"4",1088,18160
"5",10,18160
"0",146,18170
"1",6876,18170
"2",5385,18170
"3",3940,18170
"4",3178,18170
"5",82,18170
"0",199,18171
"1",9471,18171
"2",9549,18171
"3",6192,18171
"4",5951,18171
"5",75,18171
"0",98,17669
"1",1782,17669
"2",3229,17669
"3",1353,17669
"4",374,17669
"5",94,17669
"0",164,17731
"1",3906,17731
"2",6832,17731
"3",5692,17731
"4",1746,17731
"5",155,17731
"0",235,17730
"1",17785,17730
"2",9666,17730
"3",5052,17730
"4",4045,17730
"5",1123,17730
"6",1,17730
"0",139,18157
"1",1057,18157
"2",1817,18157
"3",4167,18157
"4",7021,18157
"5",8,18157
"0",148,18158
"1",2205,18158
"2",2607,18158
"3",1206,18158
"4",554,18158
"5",10,18158
"0",108,17673
"1",659,17673
"2",1218,17673
"3",1201,17673
"4",1957,17673
"5",41,17673
"0",333,18163
"1",3467,18163
"2",6350,18163
"3",7395,18163
"4",4465,18163
"5",7,18163
"0",129,18169
"1",922,18169
"2",1618,18169
"3",2106,18169
"4",829,18169
"0",230,18164
"1",2258,18164
"2",6145,18164
"3",2835,18164
"4",1993,18164
"0",112,17727
"1",2033,17727
"2",3482,17727
"3",3776,17727
"4",646,17727
"0",303,10009527
"1",2108,10009527
"2",7332,10009527
"6",41,10009527
"0",100,10008818
"1",2686,10008818
"2",3841,10008818
"3",745,10008818
"4",242,10008818
"5",17,10008818
"6",68,10008818
"0",130,18165
"1",1088,18165
"2",6149,18165
"3",3408,18165
"4",994,18165
"5",7,18165
"0",123,17735
"1",1818,17735
"2",3139,17735
"3",836,17735
"4",109,17735
"5",21,17735
"0",169,18167
"1",6861,18167
"2",6755,18167
"3",1187,18167
"4",110,18167
"5",213,18167
"0",140,18154
"1",1978,18154
"2",4416,18154
"3",4843,18154
"4",400,18154
"5",229,18154
"0",543,17670
"1",15562,17670
"2",61115,17670
"3",9220,17670
"5",1935,17670
"0",448,18166
"1",4523,18166
"2",15625,18166
"3",11088,18166
"4",2813,18166
"5",136,18166
"0",106,18168
"1",2110,18168
"2",2972,18168
"3",2217,18168
"4",655,18168
"5",20,18168
"0",1541,18155
"1",73121,18155
"2",182373,18155
"3",283693,18155
"4",202326,18155
"5",4397,18155
"0",397,18161
"1",7476,18161
"2",16099,18161
"3",12566,18161
"4",2943,18161
"5",66,18161
"0",1175,18162
"1",66344,18162
"2",119725,18162
"3",112113,18162
"4",64931,18162
"5",17328,18162
"0",70,10002616
"1",335,10002616
"2",4590,10002616
"0",103,19184
"1",693,19184
"2",1182,19184
"3",4142,19184
"0",120,18749
"1",734,18749
"2",6355,18749
"5",1,18749
"0",505,18669
"1",5874,18669
"2",26788,18669
"3",13234,18669
"5",23,18669
"0",82,19187
"1",1153,19187
"2",2329,19187
"3",1450,19187
"4",360,19187
"5",2,19187
"0",122,19703
"1",4959,19703
"2",4356,19703
"3",792,19703
"4",58,19703
"5",522,19703
"6",161,19703
"0",266,19701
"1",14188,19701
"2",19467,19701
"3",8172,19701
"4",1746,19701
"5",103,19701
"0",77,19182
"1",2192,19182
"2",1588,19182
"3",1089,19182
"4",643,19182
"5",52,19182
"0",113,19190
"1",1059,19190
"2",2226,19190
"3",1549,19190
"4",1150,19190
"5",76,19190
"0",196,19265
"1",4067,19265
"2",3157,19265
"3",265,19265
"5",113,19265
"0",125,19702
"1",1358,19702
"2",3985,19702
"0",137,18744
"1",629,18744
"2",4525,18744
"3",482,18744
"0",111,18751
"1",679,18751
"2",573,18751
"3",2400,18751
"4",1068,18751
"5",10,18751
"0",71,18742
"1",409,18742
"2",3833,18742
"3",425,18742
"5",4,18742
"0",214,18665
"1",1794,18665
"2",3758,18665
"3",2638,18665
"4",654,18665
"5",28,18665
"0",132,18666
"1",1017,18666
"2",1976,18666
"3",1854,18666
"4",229,18666
"0",125,18750
"1",731,18750
"2",1267,18750
"3",2898,18750
"4",3346,18750
"5",1,18750
"0",376,19183
"1",6216,19183
"2",12023,19183
"3",41039,19183
"4",4466,19183
"5",11,19183
"0",103,19186
"1",1001,19186
"2",1790,19186
"3",2911,19186
"4",1046,19186
"5",6,19186
"0",166,18667
"1",1204,18667
"2",8041,18667
"3",364,18667
"0",69,18668
"1",232,18668
"2",4130,18668
"3",396,18668
"0",118,19185
"1",627,19185
"2",1870,19185
"3",3373,19185
"4",416,19185
"5",1,19185
"0",85,18741
"1",1478,18741
"2",2030,18741
"3",1743,18741
"4",633,18741
"5",130,18741
"0",473,19188
"1",19306,19188
"2",22589,19188
"3",25494,19188
"4",10586,19188
"5",173,19188
"0",418,19189
"1",19452,19189
"2",16898,19189
"3",8908,19189
"4",5063,19189
"5",57,19189
"0",72,18745
"1",424,18745
"2",4261,18745
"0",117,2844
"1",2902,2844
"2",16910,2844
"3",6524,2844
"0",89,2845
"1",2838,2845
"2",2434,2845
"3",41,2845
"5",11,2845
"0",218,2846
"1",1148,2846
"2",6727,2846
"3",5059,2846
"4",2769,2846
"5",68,2846
"6",8431,2846
"0",115,2851
"1",488,2851
"2",2415,2851
"3",6405,2851
"4",386,2851
"0",98,3972
"1",484,3972
"2",2254,3972
"3",1270,3972
"4",39,3972
"5",35,3972
"6",1367,3972
"0",103,2849
"1",547,2849
"2",3418,2849
"3",3867,2849
"4",1078,2849
"5",4,2849
"0",149,2848
"1",526,2848
"2",1147,2848
"3",820,2848
"4",1479,2848
"5",18,2848
"6",1235,2848
"0",191,2837
"1",1861,2837
"2",6723,2837
"5",2,2837
"0",65,2832
"1",440,2832
"2",2525,2832
"3",1951,2832
"5",2,2832
"0",115,2833
"1",660,2833
"2",909,2833
"3",3640,2833
"4",981,2833
"0",130,2840
"1",1146,2840
"2",5466,2840
"5",21,2840
"0",530,2834
"1",4116,2834
"2",39009,2834
"3",17481,2834
"4",6319,2834
"5",47,2834
"0",663,2835
"1",7584,2835
"2",110214,2835
"5",4,2835
"0",146,2841
"1",653,2841
"2",3141,2841
"3",11083,2841
"0",104,2830
"1",658,2830
"2",1746,2830
"3",3338,2830
"4",969,2830
"6",3641,2830
"0",570,2831
"1",9166,2831
"2",27166,2831
"3",9100,2831
"4",602,2831
"5",92,2831
"6",21049,2831
"0",576,2843
"1",17048,2843
"2",25784,2843
"3",7401,2843
"4",4027,2843
"5",360,2843
"6",25770,2843
"0",115,1453
"1",91,1453
"2",2745,1453
"3",787,1453
"5",9,1453
"6",1532,1453
"0",479,1746
"1",4544,1746
"2",49983,1746
"3",822,1746
"6",2332,1746
"0",2249,1463
"1",107010,1463
"2",604543,1463
"3",227326,1463
"4",6188,1463
"5",129,1463
"6",249026,1463
"0",110,2533
"1",442,2533
"2",4139,2533
"3",2178,2533
"5",17,2533
"6",1356,2533
"0",102,1543
"1",4021,1543
"2",4716,1543
"5",6,1543
"6",895,1543
"0",317,1553
"1",12676,1553
"2",16546,1553
"3",13856,1553
"4",3315,1553
"5",19,1553
"6",10665,1553
"0",185,1554
"1",2448,1554
"2",6473,1554
"3",6169,1554
"5",2,1554
"6",3730,1554
"0",324,852
"1",4595,852
"2",25867,852
"3",14507,852
"4",9863,852
"5",323,852
"6",27250,852
"0",204,853
"1",3048,853
"2",7904,853
"3",4846,853
"4",2347,853
"5",216,853
"6",8242,853
"0",123,854
"1",2037,854
"2",4300,854
"3",2831,854
"4",1431,854
"5",143,854
"6",3435,854
"0",105,1818
"1",1895,1818
"2",4332,1818
"3",1108,1818
"4",163,1818
"5",2,1818
"0",82,1762
"1",1049,1762
"2",1776,1762
"3",1686,1762
"4",822,1762
"5",1,1762
"0",163,1769
"1",1700,1769
"2",5043,1769
"3",3447,1769
"4",1912,1769
"0",549,1538
"1",29260,1538
"2",58157,1538
"3",46187,1538
"4",39182,1538
"5",86,1538
"0",1226,855
"1",44820,855
"2",138812,855
"3",106458,855
"4",70245,855
"5",363,855
"6",789,855
"0",435,856
"1",13353,856
"2",42480,856
"3",33118,856
"4",31284,856
"5",19,856
"6",1283,856
"0",89,857
"1",1653,857
"2",3879,857
"3",2350,857
"4",1132,857
"5",1,857
"0",748,816
"1",14775,816
"2",101041,816
"3",56750,816
"4",43129,816
"5",60,816
"0",117,823
"1",2239,823
"2",1956,823
"3",1975,823
"4",482,823
"5",22,823
"0",107,829
"1",2094,829
"2",4309,829
"3",1296,829
"4",719,829
"5",5,829
"0",613,831
"1",36271,831
"2",67964,831
"3",46909,831
"4",46238,831
"5",36,831
"0",671,836
"1",13015,836
"2",32872,836
"3",35531,836
"4",48376,836
"5",85,836
"6",3,836
"0",75,838
"1",1016,838
"2",1706,838
"3",2166,838
"4",457,838
"5",6,838
"0",182,839
"1",2119,839
"2",4951,839
"3",5504,839
"4",8036,839
"5",4,839
"0",452,842
"1",6433,842
"2",31001,842
"3",70059,842
"4",26891,842
"5",25,842
"6",841,842
"0",149,845
"1",3059,845
"2",4508,845
"3",6665,845
"4",2169,845
"5",40,845
"0",199,847
"1",3431,847
"2",5166,847
"3",10482,847
"4",3596,847
"5",19,847
"0",80,809
"1",939,809
"2",2412,809
"3",1164,809
"4",541,809
"5",2,809
"0",496,820
"1",13350,820
"2",44597,820
"3",34444,820
"4",17935,820
"5",53,820
"0",74,1628
"1",410,1628
"2",2062,1628
"3",942,1628
"5",22,1628
"6",1488,1628
"0",318,1637
"1",7418,1637
"2",18076,1637
"3",4802,1637
"4",283,1637
"5",5,1637
"6",12675,1637
"0",372,1642
"1",5639,1642
"2",32749,1642
"3",157,1642
"5",1,1642
"6",16202,1642
"0",192,1656
"1",1093,1656
"2",4290,1656
"3",3995,1656
"4",62,1656
"5",3,1656
"6",2849,1656
"0",99,1650
"1",605,1650
"2",3074,1650
"3",4296,1650
"5",2,1650
"6",1737,1650
"0",280,1630
"1",2430,1630
"2",9620,1630
"3",4838,1630
"6",7707,1630
"0",163,1667
"1",999,1667
"2",6883,1667
"3",1744,1667
"5",4,1667
"6",379,1667
"0",142,1691
"1",1172,1691
"2",4413,1691
"3",313,1691
"4",26,1691
"5",2,1691
"6",536,1691
"0",125,1732
"1",756,1732
"2",3726,1732
"3",7284,1732
"4",50,1732
"5",1,1732
"0",189,1707
"1",1639,1707
"2",3310,1707
"3",3061,1707
"4",656,1707
"5",1,1707
"0",105,1719
"1",665,1719
"2",2259,1719
"3",1878,1719
"4",2065,1719
"5",1,1719
"0",207,1833
"1",1697,1833
"2",7623,1833
"3",9318,1833
"4",332,1833
"5",3,1833
"0",219,1687
"1",797,1687
"2",6086,1687
"3",1691,1687
"6",3905,1687
"0",191,24714
"1",5998,24714
"2",10736,24714
"3",2545,24714
"4",866,24714
"0",280,20605
"1",1323,20605
"2",7769,20605
"3",10082,20605
"4",1333,20605
"6",16,20605
"0",43,4477
"1",230,4477
"2",1412,4477
"3",977,4477
"0",280,20658
"1",4379,20658
"2",46529,20658
"3",2489,20658
"5",437,20658
"0",250,20698
"1",2349,20698
"2",14426,20698
"3",14905,20698
"4",5839,20698
"5",63,20698
"0",241,20703
"1",3925,20703
"2",9061,20703
"3",1922,20703
"4",376,20703
"5",82,20703
"6",1,20703
"0",273,20655
"1",5784,20655
"2",13389,20655
"3",9587,20655
"4",4091,20655
"5",44,20655
"0",594,20626
"1",17220,20626
"2",50353,20626
"3",26194,20626
"4",13072,20626
"5",16,20626
"0",87,20640
"1",655,20640
"2",2121,20640
"3",1656,20640
"4",1011,20640
"5",10,20640
"0",517,20641
"1",9896,20641
"2",39504,20641
"3",44569,20641
"4",32325,20641
"5",117,20641
"0",157,20630
"1",852,20630
"2",2418,20630
"3",2755,20630
"4",1997,20630
"0",2472,20366
"1",219810,20366
"2",373089,20366
"3",328758,20366
"4",229921,20366
"5",8049,20366
"6",224,20366
"0",138,20666
"1",1555,20666
"2",3954,20666
"3",4197,20666
"4",2138,20666
"5",22,20666
"6",550,20666
"0",190,20674
"1",2575,20674
"2",3404,20674
"3",4108,20674
"4",3125,20674
"5",707,20674
"0",541,20649
"1",12585,20649
"2",47948,20649
"3",31685,20649
"4",16748,20649
"5",73,20649
"0",478,20651
"1",5847,20651
"2",26955,20651
"3",21002,20651
"4",14170,20651
"5",41,20651
"0",489,20652
"1",11536,20652
"2",18288,20652
"3",15990,20652
"4",15998,20652
"5",72,20652
"0",508,20690
"1",8070,20690
"2",33767,20690
"3",44202,20690
"4",8584,20690
"5",30,20690
"0",589,20697
"1",10044,20697
"2",23393,20697
"3",36562,20697
"4",57773,20697
"5",8,20697
"0",179,20686
"1",1225,20686
"2",5279,20686
"3",6693,20686
"4",2003,20686
"0",144,20692
"1",1157,20692
"2",2867,20692
"3",9085,20692
"4",434,20692
"5",6,20692
"0",154,20693
"1",1338,20693
"2",3637,20693
"3",1653,20693
"5",18,20693
"0",329,20694
"1",5305,20694
"2",8011,20694
"3",12761,20694
"4",3772,20694
"5",122,20694
"6",3137,20694
"0",134,20705
"1",779,20705
"2",1587,20705
"3",4448,20705
"4",431,20705
"5",16,20705
"0",144,20706
"1",1588,20706
"2",4145,20706
"3",4030,20706
"4",1055,20706
"5",17,20706
"0",168,20683
"1",2046,20683
"2",8128,20683
"3",8344,20683
"4",2136,20683
"5",18,20683
"0",982,20670
"1",17093,20670
"2",32366,20670
"3",50559,20670
"4",46303,20670
"5",76,20670
"6",382,20670
"0",126,20684
"1",1846,20684
"2",3825,20684
"3",2942,20684
"4",727,20684
"5",16,20684
"0",158,20644
"1",1272,20644
"2",3515,20644
"3",3278,20644
"4",1824,20644
"5",1,20644
"0",142,22085
"1",1037,22085
"2",4400,22085
"3",684,22085
"4",46,22085
"6",374,22085
"0",659,22117
"1",15523,22117
"2",81185,22117
"3",55305,22117
"4",27275,22117
"5",50,22117
"6",500,22117
"0",217,22994
"1",1718,22994
"2",6341,22994
"3",18601,22994
"4",5098,22994
"5",4,22994
"0",104,22935
"1",1258,22935
"2",2484,22935
"3",1104,22935
"4",338,22935
"5",5,22935
"0",184,22928
"1",2641,22928
"2",8089,22928
"3",9657,22928
"4",2228,22928
"5",29,22928
"0",371,22933
"1",4379,22933
"2",18062,22933
"3",27437,22933
"4",15914,22933
"5",129,22933
"6",1,22933
"0",233,22939
"1",4617,22939
"2",4450,22939
"3",4256,22939
"4",6528,22939
"5",67,22939
"6",54,22939
"0",1600,22965
"1",44986,22965
"2",118028,22965
"3",89999,22965
"4",194293,22965
"5",751,22965
"6",23,22965
"0",207,22992
"1",4732,22992
"2",5320,22992
"3",7533,22992
"4",2300,22992
"5",309,22992
"0",431,22508
"1",7607,22508
"2",6691,22508
"3",13053,22508
"4",34989,22508
"5",132,22508
"0",723,22997
"1",11935,22997
"2",28798,22997
"3",53119,22997
"4",46331,22997
"5",115,22997
"6",2,22997
"0",173,22993
"1",2820,22993
"2",5248,22993
"3",9438,22993
"4",1778,22993
"5",213,22993
"0",869,22500
"1",29661,22500
"2",48507,22500
"3",33265,22500
"4",44713,22500
"5",112,22500
"0",213,22502
"1",2400,22502
"2",4481,22502
"3",7054,22502
"4",15096,22502
"5",22,22502
"6",57,22502
"0",158,22504
"1",19281,22504
"2",13873,22504
"3",8322,22504
"4",854,22504
"5",32,22504
"0",690,22505
"1",9021,22505
"2",41698,22505
"3",50636,22505
"4",53842,22505
"5",27,22505
"0",197,22507
"1",2973,22507
"2",5524,22507
"3",11198,22507
"4",5745,22507
"5",3,22507
"6",591,22507
"0",464,23244
"1",2923,23244
"2",10758,23244
"3",21756,23244
"4",15204,23244
"5",314,23244
"0",323,23249
"1",8920,23249
"2",35600,23249
"3",7194,23249
"4",4091,23249
"5",47,23249
"0",94,23250
"1",722,23250
"2",1677,23250
"3",2749,23250
"4",1225,23250
"5",1,23250
"0",1336,22486
"1",42072,22486
"2",171236,22486
"3",147871,22486
"4",173632,22486
"5",26,22486
"6",1,22486
"0",449,22488
"1",11961,22488
"2",29799,22488
"3",17050,22488
"4",17993,22488
"5",14,22488
"6",6,22488
"0",198,22496
"1",2709,22496
"2",7799,22496
"3",5012,22496
"4",2721,22496
"0",79,22961
"1",2205,22961
"2",3761,22961
"3",659,22961
"4",99,22961
"0",113,21984
"1",861,21984
"2",1961,21984
"3",2542,21984
"4",685,21984
"5",9,21984
"0",581,21985
"1",11631,21985
"2",18643,21985
"3",30940,21985
"4",6705,21985
"5",19,21985
"0",327,21986
"1",2769,21986
"2",7863,21986
"3",12683,21986
"4",1502,21986
"5",15,21986
"0",223,22477
"1",1704,22477
"2",4001,22477
"3",1498,22477
"5",14,22477
"0",173,22941
"1",1325,22941
"2",7668,22941
"3",7500,22941
"4",1497,22941
"5",6,22941
"0",172,23242
"1",761,23242
"2",3201,23242
"3",4677,23242
"4",587,23242
"5",93,23242
"0",226,22475
"1",2872,22475
"2",1824,22475
"3",2483,22475
"4",2802,22475
"5",8,22475
"6",414,22475
"0",143,22958
"1",1632,22958
"2",3760,22958
"3",4563,22958
"4",2805,22958
"0",130,22960
"1",704,22960
"2",1370,22960
"3",2111,22960
"4",4268,22960
"0",191,23229
"1",456,23229
"2",2482,23229
"3",5852,23229
"0",98,25353
"1",704,25353
"2",4491,25353
"0",90,25357
"1",732,25357
"2",7530,25357
"5",1,25357
"0",223,25359
"1",2580,25359
"2",6834,25359
"0",353,25452
"1",4948,25452
"2",21555,25452
"3",1802,25452
"5",151,25452
"0",450,25413
"1",2500,25413
"2",10783,25413
"3",31239,25413
"4",5575,25413
"0",1089,25405
"1",37956,25405
"2",110312,25405
"3",151788,25405
"4",132522,25405
"5",253,25405
"6",1132,25405
"0",323,25402
"1",1303,25402
"2",5685,25402
"3",12523,25402
"4",16941,25402
"5",4,25402
"6",2069,25402
"0",147,25385
"1",1838,25385
"2",9682,25385
"5",9,25385
"0",1625,25408
"1",29471,25408
"2",104863,25408
"3",101660,25408
"4",112063,25408
"5",194,25408
"6",2831,25408
"0",114,25454
"1",1907,25454
"2",2548,25454
"3",415,25454
"4",10,25454
"5",82,25454
"0",285,25458
"1",2642,25458
"2",6717,25458
"3",10774,25458
"4",7133,25458
"5",47,25458
"0",626,25429
"1",22187,25429
"2",28028,25429
"3",20874,25429
"4",12328,25429
"5",722,25429
"6",1,25429
"0",984,25434
"1",43096,25434
"2",80437,25434
"3",123875,25434
"4",75313,25434
"5",6139,25434
"6",401,25434
"0",69,25381
"1",1174,25381
"2",1968,25381
"3",1666,25381
"4",149,25381
"5",95,25381
"0",270,25421
"1",2445,25421
"2",7120,25421
"3",9523,25421
"4",4867,25421
"5",87,25421
"0",168,25384
"1",1794,25384
"2",3867,25384
"3",2413,25384
"4",4084,25384
"5",5,25384
"0",77,25386
"1",352,25386
"2",1419,25386
"3",1375,25386
"4",2102,25386
"5",3,25386
"0",698,25356
"1",10829,25356
"2",55911,25356
"3",31990,25356
"4",13904,25356
"5",98,25356
"0",293,25360
"1",12470,25360
"2",13428,25360
"3",7275,25360
"4",5513,25360
"5",236,25360
"0",354,25362
"1",10556,25362
"2",21501,25362
"3",8963,25362
"4",9788,25362
"5",200,25362
"0",471,25364
"1",17300,25364
"2",41263,25364
"3",18791,25364
"4",16436,25364
"5",64,25364
"0",1416,25366
"1",52226,25366
"2",155460,25366
"3",83685,25366
"4",62769,25366
"5",1168,25366
"0",303,25326
"1",2845,25326
"2",5290,25326
"3",3700,25326
"4",6317,25326
"5",5,25326
"0",171,25337
"1",2157,25337
"2",4942,25337
"3",2574,25337
"4",4091,25337
"5",16,25337
"0",183,25352
"1",3124,25352
"2",11174,25352
"3",9456,25352
"4",4958,25352
"5",5,25352
"0",247,25304
"1",4073,25304
"2",13274,25304
"3",6383,25304
"4",3544,25304
"5",55,25304
"0",424,25307
"1",6772,25307
"2",27212,25307
"3",11993,25307
"4",9350,25307
"5",2,25307
"0",364,25308
"1",8794,25308
"2",23506,25308
"3",4234,25308
"4",1577,25308
"5",23,25308
"0",148,25324
"1",1822,25324
"2",2545,25324
"3",1994,25324
"4",2393,25324
"6",106,25324
"0",678,25332
"1",37901,25332
"2",62561,25332
"3",28758,25332
"4",30703,25332
"5",469,25332
"0",110,25336
"1",3477,25336
"2",4321,25336
"3",782,25336
"4",269,25336
"5",20,25336
"0",952,26090
"1",9695,26090
"2",73192,26090
"3",47308,26090
"4",8199,26090
"5",1,26090
"0",178,23928
"1",2486,23928
"2",14004,23928
"3",3475,23928
"0",158,25345
"1",1551,25345
"2",4806,25345
"3",1156,25345
"5",1,25345
"6",700,25345
"0",101,24022
"1",718,24022
"2",1912,24022
"3",2944,24022
"5",37,24022
"0",103,25367
"1",419,25367
"2",4197,25367
"3",612,25367
"4",77,25367
"5",28,25367
"6",4,25367
"0",147,25372
"1",3061,25372
"2",3767,25372
"3",1830,25372
"4",1988,25372
"5",485,25372
"0",137,25377
"1",574,25377
"2",3581,25377
"3",3971,25377
"4",125,25377
"5",16,25377
"0",345,25475
"1",7963,25475
"2",14046,25475
"3",5688,25475
"4",5250,25475
"5",21,25475
"0",97,25347
"1",1158,25347
"2",3955,25347
"3",1621,25347
"4",211,25347
"5",56,25347
"0",101,10005089
"1",1696,10005089
"2",2865,10005089
"3",299,10005089
"4",43,10005089
"5",4,10005089
"0",113,10005424
"1",1100,10005424
"2",3951,10005424
"3",5246,10005424
"4",155,10005424
"0",275,26559
"1",2151,26559
"2",13114,26559
"3",4867,26559
"5",4,26559
"6",189,26559
"0",207,26560
"1",1847,26560
"2",11956,26560
"3",3661,26560
"5",35,26560
"0",243,10005466
"1",3520,10005466
"2",9879,10005466
"3",15741,10005466
"4",1949,10005466
"5",136,10005466
"0",164,10005458
"1",1273,10005458
"2",5852,10005458
"3",4895,10005458
"4",989,10005458
"5",2,10005458
"0",224,10005390
"1",3054,10005390
"2",16949,10005390
"3",7490,10005390
"4",1083,10005390
"5",109,10005390
"6",2,10005390
"0",288,10005408
"1",3134,10005408
"2",8358,10005408
"3",3291,10005408
"4",2210,10005408
"5",36,10005408
"6",453,10005408
"0",119,10005418
"1",1475,10005418
"2",2847,10005418
"3",2252,10005418
"4",628,10005418
"5",12,10005418
"6",603,10005418
"0",159,10005430
"1",4681,10005430
"2",4583,10005430
"3",1921,10005430
"4",206,10005430
"5",64,10005430
"0",85,10005431
"1",2635,10005431
"2",7431,10005431
"3",3384,10005431
"4",467,10005431
"0",208,10005446
"1",4088,10005446
"2",19302,10005446
"3",4037,10005446
"4",385,10005446
"5",185,10005446
"6",100,10005446
"0",115,10005367
"1",1263,10005367
"2",2660,10005367
"3",979,10005367
"4",188,10005367
"5",59,10005367
"0",159,10005451
"1",2424,10005451
"2",6023,10005451
"3",3203,10005451
"4",764,10005451
"5",778,10005451
"6",39,10005451
"0",966,10005467
"1",53645,10005467
"2",72997,10005467
"3",61412,10005467
"4",22296,10005467
"5",2296,10005467
"0",222,10004874
"1",2357,10004874
"2",3423,10004874
"3",3799,10004874
"4",3469,10004874
"5",9,10004874
"0",234,10005393
"1",813,10005393
"2",11644,10005393
"3",7163,10005393
"4",6585,10005393
"5",9,10005393
"0",243,10005411
"1",2092,10005411
"2",7169,10005411
"3",8326,10005411
"4",2392,10005411
"5",58,10005411
"0",7481,10005400
"1",128920,10005400
"2",299494,10005400
"3",133503,10005400
"4",26391,10005400
"5",4860,10005400
"6",15,10005400
"0",185,10004823
"1",2084,10004823
"2",6811,10004823
"3",4528,10004823
"4",915,10004823
"5",10,10004823
"0",647,10004828
"1",25075,10004828
"2",58857,10004828
"3",35194,10004828
"4",33184,10004828
"5",1285,10004828
"0",111,10005365
"1",969,10005365
"2",2560,10005365
"3",4497,10005365
"4",410,10005365
"5",2,10005365
"6",199,10005365
"0",84,10005366
"1",633,10005366
"2",2977,10005366
"3",960,10005366
"4",40,10005366
"5",8,10005366
"0",128,26562
"1",1685,26562
"2",7453,26562
"3",1045,26562
"0",276,10005323
"1",2190,10005323
"2",8886,10005323
"3",17403,10005323
"4",5415,10005323
"5",61,10005323
"6",512,10005323
"0",291,10005349
"1",5661,10005349
"2",13877,10005349
"3",12837,10005349
"4",5152,10005349
"5",83,10005349
"0",950,10005350
"1",30743,10005350
"2",77493,10005350
"3",49171,10005350
"4",9332,10005350
"5",507,10005350
"0",96,10005351
"1",1242,10005351
"2",3262,10005351
"3",2129,10005351
"4",123,10005351
"5",4,10005351
"0",384,10005414
"1",14333,10005414
"2",16716,10005414
"3",2910,10005414
"4",464,10005414
"5",1808,10005414
"0",106,10005417
"1",2162,10005417
"2",2843,10005417
"3",119,10005417
"5",516,10005417
"0",88,10005152
"1",768,10005152
"2",678,10005152
"3",1974,10005152
"4",3387,10005152
"5",10,10005152
"0",1334,10005155
"1",63900,10005155
"2",42832,10005155
"3",65349,10005155
"4",45776,10005155
"5",269,10005155
"0",725,10005157
"1",12395,10005157
"2",20529,10005157
"3",29478,10005157
"4",70054,10005157
"5",33,10005157
"0",118,10005159
"1",2435,10005159
"2",3141,10005159
"3",968,10005159
"4",1180,10005159
"5",9,10005159
"0",188,10005162
"1",3662,10005162
"2",4745,10005162
"3",1200,10005162
"4",243,10005162
"5",4,10005162
"0",193,10005165
"1",7806,10005165
"2",7428,10005165
"3",3247,10005165
"4",1381,10005165
"5",9,10005165
"0",276,10005166
"1",3912,10005166
"2",4538,10005166
"3",1879,10005166
"4",479,10005166
"0",249,10005354
"1",2789,10005354
"2",7912,10005354
"3",8838,10005354
"4",1080,10005354
"5",108,10005354
"0",104,10005356
"1",1292,10005356
"2",3295,10005356
"3",1182,10005356
"4",8,10005356
"5",107,10005356
"0",807,10005406
"1",41508,10005406
"2",94039,10005406
"3",44862,10005406
"4",3264,10005406
"5",4394,10005406
"6",61,10005406
"0",300,10005340
"1",16421,10005340
"2",9827,10005340
"3",9231,10005340
"4",11065,10005340
"5",5906,10005340
"6",5428,10005340
"0",201,10005324
"1",1985,10005324
"2",4748,10005324
"3",2629,10005324
"4",1510,10005324
"5",1,10005324
"0",812,10005325
"1",43809,10005325
"2",52475,10005325
"3",39449,10005325
"4",7021,10005325
"5",8471,10005325
"0",93,10009282
"1",480,10009282
"2",4914,10009282
"5",3,10009282
"0",156,10007837
"1",441,10007837
"2",6574,10007837
"5",2,10007837
"0",779,10007966
"1",9529,10007966
"2",173804,10007966
"3",35167,10007966
"5",328,10007966
"0",617,10007865
"1",8824,10007865
"2",72620,10007865
"3",7826,10007865
"5",132,10007865
"0",100,10007868
"1",334,10007868
"2",2069,10007868
"3",2418,10007868
"5",15,10007868
"0",227,10007873
"1",5984,10007873
"2",21488,10007873
"5",2,10007873
"0",61,10007878
"1",96,10007878
"2",1601,10007878
"3",1040,10007878
"0",264,10009461
"1",2490,10009461
"2",24633,10009461
"3",10237,10009461
"4",1190,10009461
"5",19,10009461
"6",414,10009461
"0",327,10009174
"1",2619,10009174
"2",42336,10009174
"3",3667,10009174
"5",256,10009174
"0",91,10011474
"1",3092,10011474
"2",6420,10011474
"3",27,10011474
"0",94,10009286
"1",564,10009286
"2",6542,10009286
"3",313,10009286
"0",945,10007807
"1",37990,10007807
"2",158642,10007807
"3",23086,10007807
"4",2356,10007807
"5",388,10007807
"6",1,10007807
"0",124,10007983
"1",1079,10007983
"2",10300,10007983
"5",2,10007983
"0",102,10008003
"1",442,10008003
"2",6879,10008003
"5",3,10008003
"0",636,10008064
"1",12034,10008064
"2",45274,10008064
"3",15513,10008064
"4",990,10008064
"5",151,10008064
"6",37,10008064
"0",211,10008101
"1",1967,10008101
"2",5374,10008101
"3",3610,10008101
"4",833,10008101
"5",18,10008101
"6",170,10008101
"0",188,10009360
"1",626,10009360
"2",7585,10009360
"5",1,10009360
"0",511,10008135
"1",20623,10008135
"2",48789,10008135
"3",11978,10008135
"4",3397,10008135
"5",104,10008135
"6",4,10008135
"0",85,10007846
"1",382,10007846
"2",1388,10007846
"3",1997,10007846
"4",890,10007846
"5",13,10007846
"0",317,10007573
"1",5672,10007573
"2",20072,10007573
"3",8311,10007573
"4",2756,10007573
"0",482,10007922
"1",7864,10007922
"2",25536,10007922
"3",7803,10007922
"4",3214,10007922
"0",260,10007929
"1",2235,10007929
"2",6993,10007929
"3",5658,10007929
"4",5247,10007929
"0",1457,10007828
"1",118904,10007828
"2",169016,10007828
"3",79255,10007828
"4",4974,10007828
"5",260,10007828
"6",4201,10007828
"0",167,10009120
"1",1177,10009120
"2",18816,10009120
"3",1050,10009120
"5",261,10009120
"0",109,10009289
"1",1788,10009289
"2",2832,10009289
"3",1891,10009289
"4",1704,10009289
"5",4,10009289
"0",665,10007778
"1",45026,10007778
"2",42545,10007778
"3",37715,10007778
"4",13878,10007778
"5",672,10007778
"0",672,10007790
"1",12332,10007790
"2",14443,10007790
"3",6459,10007790
"4",2089,10007790
"5",50,10007790
"0",191,10007822
"1",1714,10007822
"2",9876,10007822
"3",5701,10007822
"4",3402,10007822
"0",221,10008058
"1",11152,10008058
"2",9853,10008058
"3",6404,10008058
"4",2188,10008058
"5",52,10008058
"0",227,10008061
"1",1403,10008061
"2",3785,10008061
"3",4446,10008061
"4",9853,10008061
"5",3,10008061
"0",88,10007744
"1",1490,10007744
"2",3017,10007744
"3",1885,10007744
"4",980,10007744
"5",4,10007744
"0",176,10007751
"1",4493,10007751
"2",7085,10007751
"3",2214,10007751
"4",968,10007751
"5",86,10007751
"0",577,10007753
"1",18952,10007753
"2",33237,10007753
"3",22570,10007753
"4",10334,10007753
"5",16,10007753
"0",350,10007736
"1",15955,10007736
"2",27583,10007736
"3",11185,10007736
"4",6911,10007736
"5",80,10007736
"6",58,10007736
"0",735,10008130
"1",44282,10008130
"2",49568,10008130
"3",39164,10008130
"4",28429,10008130
"5",4276,10008130
"6",10,10008130
"0",151,10007702
"1",1348,10007702
"2",3570,10007702
"3",1995,10007702
"4",543,10007702
"5",25,10007702
"0",470,10007752
"1",4963,10007752
"2",21646,10007752
"3",10250,10007752
"4",12190,10007752
"6",67,10007752
"0",266,10007754
"1",3401,10007754
"2",7861,10007754
"3",6197,10007754
"4",1912,10007754
"5",17,10007754
"6",2,10007754
"0",687,10007760
"1",15026,10007760
"2",60867,10007760
"3",33636,10007760
"4",33465,10007760
"5",1,10007760
"0",1992,10011282
"1",35738,10011282
"2",191865,10011282
"3",133747,10011282
"4",72402,10011282
"5",14,10011282
"6",235,10011282
"0",183,10007804
"1",875,10007804
"2",20944,10007804
"5",65,10007804
"6",1044,10007804
"0",96,10007814
"1",2007,10007814
"2",3901,10007814
"3",212,10007814
"4",43,10007814
"5",1,10007814
"0",100,10007917
"1",644,10007917
"2",3060,10007917
"3",1296,10007917
"0",66,10011611
"1",450,10011611
"2",3950,10011611
"3",786,10011611
"5",4,10011611
"0",125,10007829
"1",343,10007829
"2",5462,10007829
"3",4531,10007829
"4",20,10007829
"5",5,10007829
"0",156,10007847
"1",3103,10007847
"2",17430,10007847
"3",8283,10007847
"5",15,10007847
"0",262,10007844
"1",4808,10007844
"2",8521,10007844
"3",5708,10007844
"4",109,10007844
"5",44,10007844
"0",152,10009026
"1",1088,10009026
"2",6668,10009026
"3",79,10009026
"5",1,10009026
"0",84,10009029
"1",448,10009029
"2",5364,10009029
"5",5,10009029
"0",150,10008730
"1",1024,10008730
"2",5558,10008730
"3",348,10008730
"5",3,10008730
"0",100,10008723
"1",1309,10008723
"2",4421,10008723
"3",1123,10008723
"4",147,10008723
"0",169,10007968
"1",844,10007968
"2",10357,10007968
"5",44,10007968
"0",78,10008044
"1",113,10008044
"2",4692,10008044
"3",672,10008044
"0",113,10009177
"1",1963,10009177
"2",5709,10009177
"3",982,10009177
"5",24,10009177
"6",54,10009177
"0",111,10009288
"1",537,10009288
"2",8030,10009288
"5",5,10009288
"0",99,10007900
"1",211,10007900
"2",1023,10007900
"3",3271,10007900
"4",2498,10007900
"0",205,10008141
"1",2419,10008141
"2",7084,10008141
"3",8170,10008141
"4",1245,10008141
"5",33,10008141
"0",319,10007820
"1",13020,10007820
"2",21613,10007820
"3",6188,10007820
"4",601,10007820
"5",178,10007820
"0",154,10009053
"1",2337,10009053
"2",5150,10009053
"3",3490,10009053
"4",272,10009053
"5",29,10009053
"0",464,10009055
"1",29150,10009055
"2",44668,10009055
"3",9262,10009055
"4",1185,10009055
"5",125,10009055
"0",637,10009482
"1",13849,10009482
"2",29464,10009482
"3",16964,10009482
"4",13040,10009482
"5",125,10009482
"0",340,10011251
"1",4907,10011251
"2",11095,10011251
"3",11827,10011251
"4",4399,10011251
"5",3,10011251
"0",633,10007974
"1",56945,10007974
"2",53767,10007974
"3",37670,10007974
"4",17292,10007974
"5",69,10007974
"0",796,10008404
"1",34420,10008404
"2",33811,10008404
"3",45906,10008404
"4",6257,10008404
"5",12440,10008404
"6",7,10008404
"0",393,10008048
"1",7097,10008048
"2",31878,10008048
"3",36290,10008048
"4",8248,10008048
"5",513,10008048
"0",3220,10008148
"1",359279,10008148
"2",388754,10008148
"3",484291,10008148
"4",22637,10008148
"5",17785,10008148
"6",1026,10008148
"0",244,10013417
"1",1478,10013417
"2",9208,10013417
"0",171,10013285
"1",1254,10013285
"2",4994,10013285
"5",10,10013285
"0",131,10010557
"1",912,10010557
"2",6256,10010557
"3",2175,10010557
"4",382,10010557
"0",116,10012729
"1",739,10012729
"2",7750,10012729
"0",295,10012730
"1",1303,10012730
"2",19971,10012730
"6",105,10012730
"0",513,10012739
"1",3245,10012739
"2",52069,10012739
"5",12,10012739
"6",502,10012739
"0",98,10013214
"1",878,10013214
"2",2570,10013214
"3",3003,10013214
"4",354,10013214
"0",146,10012450
"1",638,10012450
"2",3378,10012450
"3",4189,10012450
"4",878,10012450
"0",1126,10012319
"1",12466,10012319
"2",147053,10012319
"3",146538,10012319
"4",111360,10012319
"5",58,10012319
"6",3,10012319
"0",71,10012347
"1",438,10012347
"2",4280,10012347
"0",148,10012350
"1",432,10012350
"2",9702,10012350
"0",166,10012437
"1",966,10012437
"2",4671,10012437
"3",5109,10012437
"4",700,10012437
"5",7,10012437
"0",646,10012453
"1",7753,10012453
"2",98622,10012453
"3",44323,10012453
"4",12156,10012453
"5",119,10012453
"0",120,10010417
"1",668,10010417
"2",10071,10010417
"6",87,10010417
"0",204,10010418
"1",939,10010418
"2",17045,10010418
"5",13,10010418
"0",187,10010399
"1",571,10010399
"2",12522,10010399
"0",101,10010401
"1",624,10010401
"2",5532,10010401
"3",19,10010401
"4",1,10010401
"5",16,10010401
"6",57,10010401
"0",206,10010407
"1",1960,10010407
"2",12437,10010407
"3",4062,10010407
"5",6,10010407
"0",121,10011573
"1",1519,10011573
"2",4621,10011573
"3",1839,10011573
"4",269,10011573
"0",359,10013237
"1",23682,10013237
"2",21364,10013237
"3",12268,10013237
"4",5404,10013237
"5",1808,10013237
"6",198,10013237
"0",1487,10012560
"1",32411,10012560
"2",52630,10012560
"3",38395,10012560
"4",41326,10012560
"5",240,10012560
"0",373,10012562
"1",2966,10012562
"2",14260,10012562
"3",13497,10012562
"4",1154,10012562
"5",102,10012562
"0",697,10012496
"1",69205,10012496
"2",74485,10012496
"3",22644,10012496
"4",11844,10012496
"5",525,10012496
"0",335,10012447
"1",5220,10012447
"2",53734,10012447
"3",16512,10012447
"4",8871,10012447
"5",133,10012447
"0",95,10012361
"1",497,10012361
"2",848,10012361
"3",1623,10012361
"4",2887,10012361
"5",3,10012361
"0",145,10012178
"1",719,10012178
"2",3464,10012178
"3",2152,10012178
"4",1865,10012178
"5",1,10012178
"0",2290,10014639
"1",44481,10014639
"2",272025,10014639
"3",363656,10014639
"4",357183,10014639
"5",665,10014639
"6",16393,10014639
"0",683,10012318
"1",29579,10012318
"2",76200,10012318
"3",77931,10012318
"4",37316,10012318
"5",246,10012318
"0",2778,10014566
"1",271263,10014566
"2",694018,10014566
"3",637548,10014566
"4",318621,10014566
"5",3468,10014566
"6",254,10014566
"0",1075,10012128
"1",16050,10012128
"2",68770,10012128
"3",59042,10012128
"4",32069,10012128
"5",64,10012128
"6",248,10012128
"0",212,10012135
"1",5173,10012135
"2",9348,10012135
"3",2719,10012135
"4",1083,10012135
"0",218,10013421
"1",1584,10013421
"2",4758,10013421
"3",421,10013421
"4",26,10013421
"5",6,10013421
"0",107,10012126
"1",1100,10012126
"2",3628,10012126
"5",5,10012126
"0",110,10012123
"1",2100,10012123
"2",7730,10012123
"6",567,10012123
"0",96,10013408
"1",1020,10013408
"2",4747,10013408
"3",280,10013408
"0",263,10013194
"1",3128,10013194
"2",19586,10013194
"5",45,10013194
"0",102,10013015
"1",1015,10013015
"2",6354,10013015
"3",231,10013015
"5",3,10013015
"0",128,10013187
"1",555,10013187
"2",10055,10013187
"0",96,10013185
"1",575,10013185
"2",1051,10013185
"3",3157,10013185
"4",396,10013185
"5",51,10013185
"0",100,10012984
"1",850,10012984
"2",1284,10012984
"3",2092,10012984
"4",1569,10012984
"5",4,10012984
"0",493,10013011
"1",6899,10013011
"2",11498,10013011
"3",23194,10013011
"4",17178,10013011
"5",700,10013011
"6",106,10013011
"0",517,10013013
"1",8570,10013013
"2",29698,10013013
"3",42548,10013013
"4",22708,10013013
"5",102,10013013
"0",214,10012499
"1",8170,10012499
"2",11472,10012499
"3",3285,10012499
"4",850,10012499
"5",47,10012499
"0",89,10012503
"1",2105,10012503
"2",3594,10012503
"3",324,10012503
"4",36,10012503
"0",57,10015631
"1",615,10015631
"2",4135,10015631
"3",339,10015631
"6",24,10015631
"0",66,10015727
"1",582,10015727
"2",4813,10015727
"0",138,10015726
"1",2610,10015726
"2",14347,10015726
"3",383,10015726
"5",34,10015726
"0",40,10016199
"1",66,10016199
"2",1771,10016199
"3",828,10016199
"0",79,10015610
"1",640,10015610
"2",8986,10015610
"3",1595,10015610
"4",84,10015610
"5",1,10015610
"0",113,10015604
"1",1270,10015604
"2",10640,10015604
"5",145,10015604
"0",327,10016216
"1",2089,10016216
"2",58031,10016216
"3",4202,10016216
"5",62,10016216
"0",174,10016214
"1",1460,10016214
"2",21977,10016214
"3",1537,10016214
"6",1301,10016214
"0",151,10016320
"1",1041,10016320
"2",7260,10016320
"3",3296,10016320
"5",4,10016320
"0",281,10016223
"1",8946,10016223
"2",32193,10016223
"3",5793,10016223
"4",709,10016223
"5",6,10016223
"6",65,10016223
"0",147,10016217
"1",1102,10016217
"2",9798,10016217
"3",12223,10016217
"4",2214,10016217
"5",27,10016217
"0",179,10015719
"1",10105,10015719
"2",17160,10015719
"3",332,10015719
"4",48,10015719
"0",641,10016195
"1",55464,10016195
"2",113109,10016195
"3",58387,10016195
"4",36474,10016195
"5",2469,10016195
"6",326,10016195
"0",124,10015621
"1",3085,10015621
"2",7753,10015621
"3",5088,10015621
"4",259,10015621
"6",12,10015621
"0",75,10016211
"1",1195,10016211
"2",5816,10016211
"3",1566,10016211
"4",67,10016211
"0",285,10016201
"1",5118,10016201
"2",11157,10016201
"3",8483,10016201
"4",1447,10016201
"5",173,10016201
"0",96,10015669
"1",856,10015669
"2",4747,10015669
"3",6906,10015669
"4",922,10015669
"0",214,10015673
"1",1835,10015673
"2",15627,10015673
"3",16197,10015673
"4",3221,10015673
"5",2,10015673
"6",584,10015673
"0",71,10015612
"1",1183,10015612
"2",3398,10015612
"5",82,10015612
"6",52,10015612
"0",60,10015729
"1",3216,10015729
"2",1873,10015729
"3",853,10015729
"4",75,10015729
"5",1,10015729
"0",56,10015772
"1",427,10015772
"2",3606,10015772
"3",827,10015772
"4",30,10015772
"5",21,10015772
"0",110,10015763
"1",2373,10015763
"2",7357,10015763
"5",60,10015763
"0",249,10015807
"1",2323,10015807
"2",13230,10015807
"3",7336,10015807
"5",38,10015807
"0",228,10015810
"1",4502,10015810
"2",32525,10015810
"3",7842,10015810
"4",632,10015810
"5",525,10015810
"0",56,10016419
"1",756,10016419
"2",4840,10016419
"5",1,10016419
"0",89,10015609
"1",2000,10015609
"2",13676,10015609
"5",27,10015609
"0",93,10015607
"1",1013,10015607
"2",8063,10015607
"5",5,10015607
"0",293,10015815
"1",9247,10015815
"2",19531,10015815
"3",13562,10015815
"4",1883,10015815
"5",150,10015815
"0",92,10016117
"1",1604,10016117
"2",4902,10016117
"3",1714,10016117
"4",154,10016117
"5",102,10016117
"0",84,10016618
"1",3351,10016618
"2",5380,10016618
"3",389,10016618
"4",82,10016618
"5",1,10016618
"0",134,10016590
"1",2741,10016590
"2",5678,10016590
"3",3532,10016590
"4",773,10016590
"5",106,10016590
"6",7,10016590
"0",135,10020993
"1",200,10020993
"2",16458,10020993
"6",37,10020993
"0",87,10021052
"1",1798,10021052
"2",7611,10021052
"0",49,10021038
"1",345,10021038
"2",4851,10021038
"0",135,10021049
"1",1386,10021049
"2",7946,10021049
"5",17,10021049
"0",698,10020844
"1",8238,10020844
"2",103484,10020844
"3",70935,10020844
"4",23454,10020844
"5",7,10020844
"6",31,10020844
"0",81,10020639
"1",697,10020639
"2",2405,10020639
"3",2855,10020639
"4",1246,10020639
"0",78,10020640
"1",462,10020640
"2",9843,10020640
"5",20,10020640
"0",76,10020647
"1",421,10020647
"2",7741,10020647
"3",424,10020647
"5",1,10020647
"6",18,10020647
"0",116,10020655
"1",693,10020655
"2",7262,10020655
"3",5919,10020655
"4",615,10020655
"0",57,10020907
"1",601,10020907
"2",4131,10020907
"3",2407,10020907
"5",34,10020907
"6",1,10020907
"0",467,10020778
"1",8630,10020778
"2",44299,10020778
"3",55869,10020778
"4",27019,10020778
"5",32,10020778
"0",974,10019446
"1",20022,10019446
"2",286381,10019446
"3",45886,10019446
"4",18594,10019446
"5",10,10019446
"0",99,10019590
"1",627,10019590
"2",2940,10019590
"3",1862,10019590
"4",232,10019590
"5",1,10019590
"6",109,10019590
"0",118,10019551
"1",2019,10019551
"2",5534,10019551
"5",27,10019551
"0",64,10020675
"1",664,10020675
"2",5382,10020675
"0",43,10020658
"1",785,10020658
"2",7699,10020658
"3",35,10020658
"4",9,10020658
"5",40,10020658
"0",127,10020664
"1",900,10020664
"2",22748,10020664
"5",3,10020664
"6",29,10020664
"0",201,10021493
"1",2763,10021493
"2",20694,10021493
"3",2853,10021493
"4",102,10021493
"5",21,10021493
"6",74,10021493
"0",101,10021149
"1",726,10021149
"2",7485,10021149
"3",1446,10021149
"4",1738,10021149
"5",10,10021149
"0",634,10021289
"1",8440,10021289
"2",146242,10021289
"3",72156,10021289
"4",30592,10021289
"5",132,10021289
"6",520,10021289
"0",194,10020677
"1",3728,10020677
"2",10768,10020677
"5",5,10020677
"0",78,10021047
"1",1130,10021047
"2",3844,10021047
"3",587,10021047
"4",68,10021047
"0",678,10020559
"1",13910,10020559
"2",22959,10020559
"3",4622,10020559
"4",511,10020559
"5",2,10020559
"0",703,10020817
"1",30321,10020817
"2",60633,10020817
"3",22440,10020817
"4",6324,10020817
"5",375,10020817
"0",170,10020996
"1",2057,10020996
"2",7613,10020996
"3",931,10020996
"6",47,10020996
"0",96,10020969
"1",1583,10020969
"2",3200,10020969
"3",434,10020969
"4",305,10020969
"0",3345,10020469
"1",183660,10020469
"2",741408,10020469
"3",519568,10020469
"4",273768,10020469
"5",378,10020469
"6",5364,10020469
"0",710,10019606
"1",54550,10019606
"2",190179,10019606
"3",58000,10019606
"4",9245,10019606
"5",85,10019606
"6",3416,10019606
"0",217,10021264
"1",13883,10021264
"2",25200,10021264
"3",10666,10021264
"4",4538,10021264
"5",2,10021264
"0",124,10020818
"1",418,10020818
"2",5332,10020818
"3",1667,10020818
"4",573,10020818
"0",1026,10021353
"1",82908,10021353
"2",61885,10021353
"3",62675,10021353
"4",22525,10021353
"5",3470,10021353
"0",1051,10020909
"1",53895,10020909
"2",129064,10020909
"3",187408,10020909
"4",191003,10020909
"5",879,10020909
"0",333,10021276
"1",6230,10021276
"2",11667,10021276
"3",12182,10021276
"4",3396,10021276
"5",33,10021276
"0",601,10021162
"1",27867,10021162
"2",30811,10021162
"3",25509,10021162
"4",14370,10021162
"5",139,10021162
"0",663,10021060
"1",20608,10021060
"2",30305,10021060
"3",33391,10021060
"4",47704,10021060
"5",291,10021060
"0",69,10021068
"1",635,10021068
"2",3100,10021068
"3",1005,10021068
"4",219,10021068
"5",29,10021068
"0",3902,10021102
"1",469601,10021102
"2",449991,10021102
"3",331930,10021102
"4",150304,10021102
"5",18937,10021102
"6",3913,10021102
"0",1501,10021177
"1",36665,10021177
"2",120026,10021177
"3",100898,10021177
"4",129895,10021177
"5",716,10021177
"6",281,10021177
"0",488,10019491
"1",6019,10019491
"2",16798,10019491
"3",13758,10019491
"4",5102,10019491
"5",1,10019491
"0",117,10019432
"1",873,10019432
"2",4967,10019432
"3",3040,10019432
"4",1159,10019432
"0",4386,10021108
"1",804302,10021108
"2",1396587,10021108
"3",1296523,10021108
"4",1317076,10021108
"5",4143,10021108
"6",373,10021108
"0",974,10021090
"1",45202,10021090
"2",96135,10021090
"3",94197,10021090
"4",68991,10021090
"5",3485,10021090
"6",875,10021090
"0",611,10021154
"1",53342,10021154
"2",86230,10021154
"3",61584,10021154
"4",40998,10021154
"5",7818,10021154
"0",1152,10019496
"1",71219,10019496
"2",261032,10019496
"3",202943,10019496
"4",131060,10019496
"5",624,10019496
"0",1226,10019506
"1",41808,10019506
"2",86250,10019506
"3",79065,10019506
"4",297637,10019506
"5",151,10019506
"6",1243,10019506
"0",193,10021254
"1",8327,10021254
"2",7040,10021254
"3",5279,10021254
"4",1991,10021254
"5",13,10021254
"0",50,10021032
"1",420,10021032
"2",4353,10021032
"0",579,10021024
"1",13593,10021024
"2",184020,10021024
"5",6,10021024
"0",104,10021129
"1",1603,10021129
"2",7668,10021129
"5",39,10021129
"0",442,10020737
"1",35924,10020737
"2",59159,10020737
"3",14389,10020737
"4",464,10020737
"6",130,10020737
"0",391,10020816
"1",2890,10020816
"2",56842,10020816
"3",3103,10020816
"4",224,10020816
"5",18,10020816
"0",360,10020826
"1",5932,10020826
"2",32585,10020826
"3",17653,10020826
"4",557,10020826
"5",12,10020826
"6",474,10020826
"0",185,10020830
"1",2100,10020830
"2",16424,10020830
"3",11358,10020830
"4",707,10020830
"5",5,10020830
"0",61,10020751
"1",285,10020751
"2",7106,10020751
"6",157,10020751
"0",126,10020758
"1",1515,10020758
"2",11662,10020758
"3",6776,10020758
"4",170,10020758
"5",11,10020758
"6",127,10020758
"0",650,10020757
"1",19202,10020757
"2",83615,10020757
"3",83026,10020757
"4",761,10020757
"0",93,10020767
"1",844,10020767
"2",13477,10020767
"5",19,10020767
"0",92,10020771
"1",648,10020771
"2",5526,10020771
"3",1470,10020771
"5",8,10020771
"0",80,10021037
"1",595,10021037
"2",7543,10021037
"5",3,10021037
"0",157,10021040
"1",1052,10021040
"2",14274,10021040
"5",2,10021040
"0",91,10020375
"1",565,10020375
"2",3737,10020375
"3",4740,10020375
"4",303,10020375
"5",2,10020375
"6",154,10020375
"0",69,10021031
"1",487,10021031
"2",4719,10021031
"3",1225,10021031
"0",304,10020811
"1",3982,10020811
"2",22048,10020811
"3",3316,10020811
"4",183,10020811
"0",683,10021134
"1",5297,10021134
"2",45218,10021134
"3",63442,10021134
"4",33339,10021134
"5",42,10021134
"0",539,10021135
"1",7931,10021135
"2",32090,10021135
"3",40436,10021135
"4",21172,10021135
"5",67,10021135
"0",485,10020801
"1",7844,10020801
"2",31460,10020801
"3",23930,10020801
"4",11800,10020801
"5",283,10020801
"6",116,10020801
"0",378,10021278
"1",4103,10021278
"2",27996,10021278
"3",10818,10021278
"0",647,10020788
"1",9891,10020788
"2",39759,10020788
"3",59126,10020788
"4",31705,10020788
"5",11,10020788
"6",22,10020788
"0",312,10021206
"1",654,10021206
"2",13235,10021206
"3",15941,10021206
"4",5373,10021206
"0",1629,10020990
"1",80183,10020990
"2",215762,10020990
"3",174053,10020990
"4",55375,10020990
"5",154,10020990
"6",24,10020990
"0",106,10021006
"1",557,10021006
"2",3717,10021006
"3",13721,10021006
"4",2659,10021006
"5",1,10021006
"0",84,10020797
"1",1151,10020797
"2",6489,10020797
"3",3186,10020797
"0",3508,10024011
"1",22272,10024011
"2",247200,10024011
"3",114002,10024011
"4",97422,10024011
"5",21,10024011
"6",6656,10024011
"0",862,10024050
"1",2413,10024050
"2",36172,10024050
"3",6956,10024050
"4",226,10024050
"6",24,10024050
"0",199,10022013
"1",456,10022013
"2",4810,10022013
"3",261,10022013
"0",351,10022014
"1",806,10022014
"2",2995,10022014
"3",6272,10022014
"4",3828,10022014
"0",2306,10023982
"1",16789,10023982
"2",61519,10023982
"3",28065,10023982
"4",11795,10023982
"5",23,10023982
"0",490,10023998
"1",1875,10023998
"2",7008,10023998
"3",3388,10023998
"4",1098,10023998
"5",8,10023998
"0",427,10024041
"1",2852,10024041
"2",5536,10024041
"3",4151,10024041
"5",33,10024041
"6",145,10024041
"0",4681,10022054
"1",40336,10022054
"2",174522,10022054
"3",132165,10022054
"4",56911,10022054
"5",577,10022054
"0",2711,10024024
"1",41020,10024024
"2",90721,10024024
"3",81639,10024024
"4",31531,10024024
"5",644,10024024
"6",1100,10024024
"0",437,10022374
"1",785,10022374
"2",2261,10022374
"3",4037,10022374
"4",4633,10022374
"6",454,10022374
"0",304,10024030
"1",1339,10024030
"2",3515,10024030
"3",882,10024030
"4",169,10024030
"6",16,10024030
"0",228,10024031
"1",713,10024031
"2",2984,10024031
"3",1560,10024031
"4",13,10024031
"5",12,10024031
"6",111,10024031
"0",916,10023983
"1",6147,10023983
"2",16541,10023983
"3",18659,10023983
"4",10568,10023983
"5",9,10023983
"6",865,10023983
"0",7668,10023985
"1",145853,10023985
"2",346159,10023985
"3",236895,10023985
"4",189572,10023985
"5",402,10023985
"6",878,10023985
"0",715,10023994
"1",7199,10023994
"2",20659,10023994
"3",5980,10023994
"4",362,10023994
"5",28,10023994
"0",1237,10022390
"1",5833,10022390
"2",16080,10022390
"3",20760,10022390
"4",13581,10022390
"5",365,10022390
"0",418,10022388
"1",378,10022388
"2",4811,10022388
"3",4029,10022388
"4",1917,10022388
"5",1,10022388
"0",779,10024056
"1",6011,10024056
"2",11033,10024056
"3",16311,10024056
"4",7483,10024056
"5",12,10024056
"0",5955,10024059
"1",203541,10024059
"2",344732,10024059
"3",253945,10024059
"4",213367,10024059
"5",1124,10024059
"0",3952,10024077
"1",63489,10024077
"2",216000,10024077
"3",159805,10024077
"4",106748,10024077
"5",502,10024077
"0",346,10023978
"1",453,10023978
"2",6505,10023978
"0",252,10022045
"1",456,10022045
"2",5679,10022045
"3",10,10022045
"5",24,10022045
"0",226,10022017
"1",291,10022017
"2",1649,10022017
"3",3891,10022017
"4",332,10022017
"0",323,10022010
"1",510,10022010
"2",8691,10022010
"5",7,10022010
"0",1669,10022027
"1",10731,10022027
"2",36619,10022027
"3",27060,10022027
"4",4436,10022027
"5",646,10022027
"0",1073,10021925
"1",2131,10021925
"2",20453,10021925
"3",2252,10021925
"0",588,10021937
"1",2890,10021937
"2",8278,10021937
"5",3,10021937
"6",73,10021937
"0",310,10021935
"1",1903,10021935
"2",3980,10021935
"3",998,10021935
"4",287,10021935
"5",34,10021935
"0",335,10022020
"1",989,10022020
"2",5702,10022020
"3",3216,10022020
"4",506,10022020
"5",2,10022020
"0",1779,10022046
"1",12739,10022046
"2",38958,10022046
"3",38089,10022046
"4",33042,10022046
"5",59,10022046
"6",12,10022046
"0",1116,10022047
"1",9663,10022047
"2",21523,10022047
"3",6888,10022047
"4",2448,10022047
"5",14,10022047
"0",4015,10022050
"1",25947,10022050
"2",143396,10022050
"3",146854,10022050
"4",123427,10022050
"5",109,10022050
"6",154,10022050
